{
    "$schema": "https://schema.management.azure.com/schemas/2015-01-01/deploymentParameters.json#",
    "contentVersion": "1.0.0.0",
    "parameters": {
        "IotHubs_iothub36FB8F6A_connectionString": {
            "value": null
        },
        "IotHubs_iothub36FB8F6A_containerName": {
            "value": null
        },
        "sites_iotfunc36FB8F6A_name": {
            "value": null
        },
        "IotHubs_iothub36FB8F6A_name": {
            "value": null
        },
        "components_iotfunc36FB8F6A_name": {
            "value": null
        },
        "accounts_iotdls36fb8f6a_name": {
            "value": null
        },
        "serverfarms_ASP_IoTCapstoneRG_bdbd_name": {
            "value": null
        },
        "accounts_iotdla36fb8f6a_name": {
            "value": null
        },
        "streamingjobs_iotasa36FB8F6A_name": {
            "value": null
        },
        "storageAccounts_storageaccountiotca954d_name": {
            "value": null
        },
        "actionGroups_Application_20Insights_20Smart_20Detection_name": {
            "value": null
        }
    }
}