"date","EventProcessedUtcTime","PartitionId","EventEnqueuedUtcTime","metadata_deviceType","metadata_studentId","metadata_uid","telemetry_temperature","telemetry_pressure","telemetry_humidity","telemetry_windSpeed","telemetry_windDirection","IoTHub_ConnectionDeviceId"
2019-11-25T00:00:00.0000000,2019-11-25T10:09:08.5278437Z,0,2019-11-25T10:08:09.7700000Z,"WeatherStation","36FB8F6A","4C026B171735D8D8",29.5,964.5546875,43,5.9999990463256836,359,"CWF-MX-001"
2019-11-25T00:00:00.0000000,2019-11-25T10:09:08.6118316Z,0,2019-11-25T10:08:15.0090000Z,"WeatherStation","36FB8F6A","3E62E44C6A195B42",29.600000381469727,964.60693359375,43.099998474121094,5.9999990463256836,358,"CWF-MX-001"
2019-11-25T00:00:00.0000000,2019-11-25T10:09:08.6138309Z,0,2019-11-25T10:08:20.3210000Z,"WeatherStation","36FB8F6A","660D6C6FB1B7E59A",29.600000381469727,964.56201171875,43,5.9999990463256836,360,"CWF-MX-001"
2019-11-25T00:00:00.0000000,2019-11-25T10:09:08.6138309Z,0,2019-11-25T10:08:25.5910000Z,"WeatherStation","36FB8F6A","B6BD8679066033CA",29.600000381469727,964.55615234375,43.299999237060547,5.9999990463256836,359,"CWF-MX-001"
2019-11-25T00:00:00.0000000,2019-11-25T10:09:08.6138309Z,0,2019-11-25T10:08:30.8300000Z,"WeatherStation","36FB8F6A","3E62E44C6A195B42",29.600000381469727,964.59326171875,43.099998474121094,5.9999990463256836,358,"CWF-MX-001"
2019-11-25T00:00:00.0000000,2019-11-25T10:09:08.6138309Z,0,2019-11-25T10:08:36.0820000Z,"WeatherStation","36FB8F6A","660D6C6FB1B7E59A",29.600000381469727,964.589111328125,43.099998474121094,5.9999990463256836,360,"CWF-MX-001"
2019-11-25T00:00:00.0000000,2019-11-25T10:09:08.6138309Z,0,2019-11-25T10:08:41.3170000Z,"WeatherStation","36FB8F6A","3353ED4338775E57",29.600000381469727,964.54345703125,43.099998474121094,5.9999990463256836,1,"CWF-MX-001"
2019-11-25T00:00:00.0000000,2019-11-25T10:09:08.6138309Z,0,2019-11-25T10:08:46.5580000Z,"WeatherStation","36FB8F6A","3E62E44C6A195B42",29.600000381469727,964.557373046875,43.200000762939453,5.9999990463256836,358,"CWF-MX-001"
2019-11-25T00:00:00.0000000,2019-11-25T10:09:08.6138309Z,0,2019-11-25T10:08:51.8100000Z,"WeatherStation","36FB8F6A","51F7C8183D6FAB37",29.600000381469727,964.5546875,43.099998474121094,5.9999990463256836,357,"CWF-MX-001"
2019-11-25T00:00:00.0000000,2019-11-25T10:09:08.6138309Z,0,2019-11-25T10:08:57.0460000Z,"WeatherStation","36FB8F6A","660D6C6FB1B7E59A",29.600000381469727,964.55126953125,43.099998474121094,5.9999990463256836,360,"CWF-MX-001"
2019-11-25T00:00:00.0000000,2019-11-25T10:09:08.6138309Z,0,2019-11-25T10:09:02.2820000Z,"WeatherStation","36FB8F6A","660D6C6FB1B7E59A",29.600000381469727,964.579833984375,43.099998474121094,5.9999990463256836,360,"CWF-MX-001"
2019-11-25T00:00:00.0000000,2019-11-25T10:09:08.6138309Z,0,2019-11-25T10:09:07.5320000Z,"WeatherStation","36FB8F6A","B6BD8679066033CA",29.600000381469727,964.543701171875,43.099998474121094,5.9999990463256836,359,"CWF-MX-001"
2019-11-25T00:00:00.0000000,2019-11-25T10:09:12.8698581Z,0,2019-11-25T10:09:12.7690000Z,"WeatherStation","36FB8F6A","B6BD8679066033CA",29.600000381469727,964.556396484375,43,5.9999990463256836,359,"CWF-MX-001"
2019-11-25T00:00:00.0000000,2019-11-25T10:09:18.0448959Z,0,2019-11-25T10:09:18.0050000Z,"WeatherStation","36FB8F6A","51F7C8183D6FAB37",29.600000381469727,964.61083984375,43,5.9999990463256836,357,"CWF-MX-001"
2019-11-25T00:00:00.0000000,2019-11-25T10:09:23.3210525Z,0,2019-11-25T10:09:23.2570000Z,"WeatherStation","36FB8F6A","660D6C6FB1B7E59A",29.600000381469727,964.53759765625,42.900001525878906,5.9999990463256836,360,"CWF-MX-001"
2019-11-25T00:00:00.0000000,2019-11-25T10:09:28.5879931Z,0,2019-11-25T10:09:28.4920000Z,"WeatherStation","36FB8F6A","660D6C6FB1B7E59A",29.600000381469727,964.60693359375,43,5.9999990463256836,360,"CWF-MX-001"
2019-11-25T00:00:00.0000000,2019-11-25T10:09:33.7838994Z,0,2019-11-25T10:09:33.7440000Z,"WeatherStation","36FB8F6A","660D6C6FB1B7E59A",29.600000381469727,964.560302734375,43.200000762939453,5.9999990463256836,360,"CWF-MX-001"
2019-11-25T00:00:00.0000000,2019-11-25T10:09:39.0539912Z,0,2019-11-25T10:09:38.9780000Z,"WeatherStation","36FB8F6A","52E1440D578ED13F",29.700000762939453,964.560791015625,43.5,5.9999990463256836,360,"CWF-MX-001"
2019-11-25T00:00:00.0000000,2019-11-25T10:09:44.3187357Z,0,2019-11-25T10:09:44.2300000Z,"WeatherStation","36FB8F6A","B6BD8679066033CA",29.600000381469727,964.567138671875,43.700000762939453,5.9999990463256836,359,"CWF-MX-001"
2019-11-25T00:00:00.0000000,2019-11-25T10:09:49.5898499Z,0,2019-11-25T10:09:49.4650000Z,"WeatherStation","36FB8F6A","B6BD8679066033CA",29.600000381469727,964.58203125,43.700000762939453,5.9999990463256836,359,"CWF-MX-001"
2019-11-25T00:00:00.0000000,2019-11-25T10:09:54.7585118Z,0,2019-11-25T10:09:54.7020000Z,"WeatherStation","36FB8F6A","ADA5D7339A20BBEF",29.700000762939453,964.51220703125,43.599998474121094,5.9999990463256836,359,"CWF-MX-001"
2019-11-25T00:00:00.0000000,2019-11-25T10:10:00.0282635Z,0,2019-11-25T10:09:59.9520000Z,"WeatherStation","36FB8F6A","B6BD8679066033CA",29.600000381469727,964.53515625,43.5,5.9999990463256836,359,"CWF-MX-001"
2019-11-25T00:00:00.0000000,2019-11-25T10:10:05.2974848Z,0,2019-11-25T10:10:05.2030000Z,"WeatherStation","36FB8F6A","B6BD8679066033CA",29.600000381469727,964.573486328125,43.400001525878906,5.9999990463256836,359,"CWF-MX-001"
2019-11-25T00:00:00.0000000,2019-11-25T10:10:10.4615163Z,0,2019-11-25T10:10:10.4400000Z,"WeatherStation","36FB8F6A","B6BD8679066033CA",29.600000381469727,964.592529296875,43.400001525878906,5.9999990463256836,359,"CWF-MX-001"
2019-11-25T00:00:00.0000000,2019-11-25T10:10:15.7278413Z,0,2019-11-25T10:10:15.6750000Z,"WeatherStation","36FB8F6A","B6BD8679066033CA",29.600000381469727,964.587158203125,43.200000762939453,5.9999990463256836,359,"CWF-MX-001"
2019-11-25T00:00:00.0000000,2019-11-25T10:10:20.9970250Z,0,2019-11-25T10:10:20.9100000Z,"WeatherStation","36FB8F6A","B6BD8679066033CA",29.600000381469727,964.52392578125,43.200000762939453,5.9999990463256836,359,"CWF-MX-001"
2019-11-25T00:00:00.0000000,2019-11-25T10:10:26.2663643Z,0,2019-11-25T10:10:26.1650000Z,"WeatherStation","36FB8F6A","660D6C6FB1B7E59A",29.600000381469727,964.531005859375,43.200000762939453,5.9999990463256836,360,"CWF-MX-001"
2019-11-25T00:00:00.0000000,2019-11-25T10:10:31.4303589Z,0,2019-11-25T10:10:31.4010000Z,"WeatherStation","36FB8F6A","660D6C6FB1B7E59A",29.600000381469727,964.548095703125,43.400001525878906,5.9999990463256836,360,"CWF-MX-001"
2019-11-25T00:00:00.0000000,2019-11-25T10:10:36.6989389Z,0,2019-11-25T10:10:36.6370000Z,"WeatherStation","36FB8F6A","B6BD8679066033CA",29.600000381469727,964.55859375,43.099998474121094,5.9999990463256836,359,"CWF-MX-001"
2019-11-25T00:00:00.0000000,2019-11-25T10:10:41.9632450Z,0,2019-11-25T10:10:41.8880000Z,"WeatherStation","36FB8F6A","B6BD8679066033CA",29.600000381469727,964.55615234375,43.200000762939453,5.9999990463256836,359,"CWF-MX-001"
2019-11-25T00:00:00.0000000,2019-11-25T10:10:52.6008766Z,0,2019-11-25T10:10:52.5030000Z,"WeatherStation","36FB8F6A","B6BD8679066033CA",29.600000381469727,964.55517578125,43.099998474121094,5.9999990463256836,359,"CWF-MX-001"
2019-11-25T00:00:00.0000000,2019-11-25T10:10:57.9681269Z,0,2019-11-25T10:10:57.8640000Z,"WeatherStation","36FB8F6A","660D6C6FB1B7E59A",29.600000381469727,964.573486328125,43,5.9999990463256836,360,"CWF-MX-001"
2019-11-25T00:00:00.0000000,2019-11-25T10:11:03.2300725Z,0,2019-11-25T10:11:03.1020000Z,"WeatherStation","36FB8F6A","660D6C6FB1B7E59A",29.600000381469727,964.549560546875,42.900001525878906,5.9999990463256836,360,"CWF-MX-001"
2019-11-25T00:00:00.0000000,2019-11-25T10:11:08.3940439Z,0,2019-11-25T10:11:08.3520000Z,"WeatherStation","36FB8F6A","660D6C6FB1B7E59A",29.600000381469727,964.57275390625,43.200000762939453,5.9999990463256836,360,"CWF-MX-001"
2019-11-25T00:00:00.0000000,2019-11-25T10:11:13.6605585Z,0,2019-11-25T10:11:13.5900000Z,"WeatherStation","36FB8F6A","ADA5D7339A20BBEF",29.700000762939453,964.565673828125,43.200000762939453,5.9999990463256836,359,"CWF-MX-001"
2019-11-25T00:00:00.0000000,2019-11-25T10:11:18.9275573Z,0,2019-11-25T10:11:18.8280000Z,"WeatherStation","36FB8F6A","ADA5D7339A20BBEF",29.700000762939453,964.5380859375,43.200000762939453,5.9999990463256836,359,"CWF-MX-001"
2019-11-25T00:00:00.0000000,2019-11-25T10:11:24.1972315Z,0,2019-11-25T10:11:24.0810000Z,"WeatherStation","36FB8F6A","B6BD8679066033CA",29.600000381469727,964.55712890625,43.299999237060547,5.9999990463256836,359,"CWF-MX-001"
2019-11-25T00:00:00.0000000,2019-11-25T10:11:29.3665171Z,0,2019-11-25T10:11:29.3160000Z,"WeatherStation","36FB8F6A","3E62E44C6A195B42",29.600000381469727,964.573974609375,43.200000762939453,5.9999990463256836,358,"CWF-MX-001"
2019-11-25T00:00:00.0000000,2019-11-25T10:11:34.6280171Z,0,2019-11-25T10:11:34.5840000Z,"WeatherStation","36FB8F6A","550433735F3D5842",29.700000762939453,964.57958984375,43.200000762939453,5.9999990463256836,1,"CWF-MX-001"
2019-11-25T00:00:00.0000000,2019-11-25T10:11:39.8982187Z,0,2019-11-25T10:11:39.8070000Z,"WeatherStation","36FB8F6A","550433735F3D5842",29.700000762939453,964.599365234375,43,5.9999990463256836,1,"CWF-MX-001"
2019-11-25T00:00:00.0000000,2019-11-25T10:11:45.1628341Z,0,2019-11-25T10:11:45.0430000Z,"WeatherStation","36FB8F6A","660D6C6FB1B7E59A",29.600000381469727,964.5478515625,43.099998474121094,5.9999990463256836,360,"CWF-MX-001"
2019-11-25T00:00:00.0000000,2019-11-25T10:11:50.3266649Z,0,2019-11-25T10:11:50.2800000Z,"WeatherStation","36FB8F6A","B6BD8679066033CA",29.600000381469727,964.560546875,43.099998474121094,5.9999990463256836,359,"CWF-MX-001"
2019-11-25T00:00:00.0000000,2019-11-25T10:11:55.5917707Z,0,2019-11-25T10:11:55.5320000Z,"WeatherStation","36FB8F6A","660D6C6FB1B7E59A",29.600000381469727,964.545166015625,43,5.9999990463256836,360,"CWF-MX-001"
2019-11-25T00:00:00.0000000,2019-11-25T10:12:00.8658460Z,0,2019-11-25T10:12:00.7690000Z,"WeatherStation","36FB8F6A","A580E1BB3D1FA61C",29.600000381469727,964.536376953125,42.700000762939453,5.9999990463256836,29,"CWF-MX-001"
2019-11-25T00:00:00.0000000,2019-11-25T10:12:06.1292471Z,0,2019-11-25T10:12:06.0050000Z,"WeatherStation","36FB8F6A","ADA5D7339A20BBEF",29.700000762939453,964.59765625,43,5.9999990463256836,359,"CWF-MX-001"
2019-11-25T00:00:00.0000000,2019-11-25T10:12:11.2922652Z,0,2019-11-25T10:12:11.2560000Z,"WeatherStation","36FB8F6A","C8B09350B3D56B27",29.700000762939453,964.535400390625,43.099998474121094,5.9999990463256836,357,"CWF-MX-001"
2019-11-25T00:00:00.0000000,2019-11-25T10:12:16.5595822Z,0,2019-11-25T10:12:16.4960000Z,"WeatherStation","36FB8F6A","7F5DC5EAB59B530F",29.700000762939453,964.52392578125,43.299999237060547,5.9999990463256836,358,"CWF-MX-001"
2019-11-25T00:00:00.0000000,2019-11-25T10:12:21.8196954Z,0,2019-11-25T10:12:21.7450000Z,"WeatherStation","36FB8F6A","ADA5D7339A20BBEF",29.700000762939453,964.549072265625,43.299999237060547,5.9999990463256836,359,"CWF-MX-001"
2019-11-25T00:00:00.0000000,2019-11-25T10:12:27.0901659Z,0,2019-11-25T10:12:26.9800000Z,"WeatherStation","36FB8F6A","7F5DC5EAB59B530F",29.700000762939453,964.56884765625,43.5,5.9999990463256836,358,"CWF-MX-001"
2019-11-25T00:00:00.0000000,2019-11-25T10:12:32.2564803Z,0,2019-11-25T10:12:32.2200000Z,"WeatherStation","36FB8F6A","52E1440D578ED13F",29.700000762939453,964.564208984375,43.400001525878906,5.9999990463256836,360,"CWF-MX-001"
2019-11-25T00:00:00.0000000,2019-11-25T10:12:37.5230595Z,0,2019-11-25T10:12:37.4720000Z,"WeatherStation","36FB8F6A","2BB39D83E82643FB",29.799999237060547,964.55712890625,43.700000762939453,5.9999990463256836,360,"CWF-MX-001"
2019-11-25T00:00:00.0000000,2019-11-25T10:12:42.7890798Z,0,2019-11-25T10:12:42.7230000Z,"WeatherStation","36FB8F6A","7BD455048222E2B1",29.799999237060547,964.5390625,48.599998474121094,5.9999990463256836,359,"CWF-MX-001"
2019-11-25T00:00:00.0000000,2019-11-25T10:12:48.0503319Z,0,2019-11-25T10:12:47.9450000Z,"WeatherStation","36FB8F6A","3191E8FFCFE908BA",29.799999237060547,964.556396484375,49.099998474121094,5.9999990463256836,83,"CWF-MX-001"
2019-11-25T00:00:00.0000000,2019-11-25T10:12:53.3157841Z,0,2019-11-25T10:12:53.2140000Z,"WeatherStation","36FB8F6A","B6FC4181B213A040",29.799999237060547,964.565673828125,47.900001525878906,5.59999942779541,82,"CWF-MX-001"
2019-11-25T00:00:00.0000000,2019-11-25T10:12:58.6897404Z,0,2019-11-25T10:12:58.6370000Z,"WeatherStation","36FB8F6A","3FF1F47B6E654825",30,964.5087890625,49.299999237060547,2.40000057220459,70,"CWF-MX-001"
2019-11-25T00:00:00.0000000,2019-11-25T10:13:04.1622840Z,0,2019-11-25T10:13:04.0770000Z,"WeatherStation","36FB8F6A","0D1EC45857120C34",30,964.57470703125,49.099998474121094,6.399998664855957,67,"CWF-MX-001"
2019-11-25T00:00:00.0000000,2019-11-25T10:13:09.5255046Z,0,2019-11-25T10:13:09.4230000Z,"WeatherStation","36FB8F6A","CE25F7C06196356D",29.899999618530273,964.5302734375,49.599998474121094,12.999992370605469,68,"CWF-MX-001"
2019-11-25T00:00:00.0000000,2019-11-25T10:13:14.9955085Z,0,2019-11-25T10:13:14.8610000Z,"WeatherStation","36FB8F6A","F17D02840D9928A6",29.899999618530273,964.543701171875,50.400001525878906,19.600002288818359,68,"CWF-MX-001"
2019-11-25T00:00:00.0000000,2019-11-25T10:13:20.2598591Z,0,2019-11-25T10:13:20.1580000Z,"WeatherStation","36FB8F6A","D0BEB85E6A47B793",29.899999618530273,964.51611328125,50.799999237060547,20.200004577636719,20,"CWF-MX-001"
2019-11-25T00:00:00.0000000,2019-11-25T10:13:25.5319314Z,0,2019-11-25T10:13:25.4560000Z,"WeatherStation","36FB8F6A","99821422C6F5C129",29.899999618530273,964.587890625,51,19.200000762939453,42,"CWF-MX-001"
2019-11-25T00:00:00.0000000,2019-11-25T10:13:30.7986984Z,0,2019-11-25T10:13:30.6910000Z,"WeatherStation","36FB8F6A","AC753158541C9369",29.899999618530273,964.536865234375,52.400001525878906,14.599990844726563,40,"CWF-MX-001"
2019-11-25T00:00:00.0000000,2019-11-25T10:13:35.9659566Z,0,2019-11-25T10:13:35.9420000Z,"WeatherStation","36FB8F6A","E86BCAD5EFA7C09F",30,964.5302734375,53.5,15.199990272521973,42,"CWF-MX-001"
2019-11-25T00:00:00.0000000,2019-11-25T10:13:41.2408645Z,0,2019-11-25T10:13:41.1800000Z,"WeatherStation","36FB8F6A","CDB8EA66204FC622",29.899999618530273,964.579345703125,53.5,15.599989891052246,29,"CWF-MX-001"
2019-11-25T00:00:00.0000000,2019-11-25T10:13:46.6098607Z,0,2019-11-25T10:13:46.5090000Z,"WeatherStation","36FB8F6A","D4AD4C69E2B73AED",29.899999618530273,964.57373046875,53.299999237060547,17.599994659423828,304,"CWF-MX-001"
2019-11-25T00:00:00.0000000,2019-11-25T10:13:51.8783508Z,0,2019-11-25T10:13:51.7750000Z,"WeatherStation","36FB8F6A","D4AD4C69E2B73AED",29.899999618530273,964.585693359375,53.5,17.599994659423828,304,"CWF-MX-001"
2019-11-25T00:00:00.0000000,2019-11-25T10:13:57.0474658Z,0,2019-11-25T10:13:57.0120000Z,"WeatherStation","36FB8F6A","45FD4C55945E3BE1",29.899999618530273,964.5205078125,52.200000762939453,17.599994659423828,305,"CWF-MX-001"
2019-11-25T00:00:00.0000000,2019-11-25T10:14:02.3178685Z,0,2019-11-25T10:14:02.2480000Z,"WeatherStation","36FB8F6A","54161E6E78DA1665",29.899999618530273,964.5380859375,50.900001525878906,17.599994659423828,353,"CWF-MX-001"
2019-11-25T00:00:00.0000000,2019-11-25T10:14:07.5842286Z,0,2019-11-25T10:14:07.4870000Z,"WeatherStation","36FB8F6A","9690981D6CFB04A8",29.899999618530273,964.579833984375,50.299999237060547,17.599994659423828,355,"CWF-MX-001"
2019-11-25T00:00:00.0000000,2019-11-25T10:14:12.8511214Z,0,2019-11-25T10:14:12.7390000Z,"WeatherStation","36FB8F6A","4B5904F57EEB3E9E",29.799999237060547,964.5390625,49.200000762939453,17.599994659423828,354,"CWF-MX-001"
2019-11-25T00:00:00.0000000,2019-11-25T10:14:18.0191309Z,0,2019-11-25T10:14:17.9760000Z,"WeatherStation","36FB8F6A","FC9C66E851E79237",29.799999237060547,964.517333984375,48.200000762939453,17.599994659423828,356,"CWF-MX-001"
2019-11-25T00:00:00.0000000,2019-11-25T10:14:23.2921472Z,0,2019-11-25T10:14:23.2270000Z,"WeatherStation","36FB8F6A","0CC6D86B03A9A2D9",29.799999237060547,964.514892578125,47.599998474121094,17.599994659423828,355,"CWF-MX-001"
2019-11-25T00:00:00.0000000,2019-11-25T10:14:28.5555011Z,0,2019-11-25T10:14:28.4630000Z,"WeatherStation","36FB8F6A","FC9C66E851E79237",29.799999237060547,964.468994140625,47.099998474121094,17.599994659423828,356,"CWF-MX-001"
2019-11-25T00:00:00.0000000,2019-11-25T10:14:33.8240773Z,0,2019-11-25T10:14:33.7160000Z,"WeatherStation","36FB8F6A","52BCE8C2D09B8B87",29.799999237060547,964.50146484375,46.900001525878906,17.599994659423828,353,"CWF-MX-001"
2019-11-25T00:00:00.0000000,2019-11-25T10:14:38.9963448Z,0,2019-11-25T10:14:38.9500000Z,"WeatherStation","36FB8F6A","0FEAC84B890320CC",29.700000762939453,964.552001953125,46.400001525878906,17.599994659423828,354,"CWF-MX-001"
2019-11-25T00:00:00.0000000,2019-11-25T10:14:44.2652177Z,0,2019-11-25T10:14:44.2060000Z,"WeatherStation","36FB8F6A","21D51DFEB7CD835B",29.700000762939453,964.524658203125,46,17.599994659423828,357,"CWF-MX-001"
2019-11-25T00:00:00.0000000,2019-11-25T10:14:49.5310396Z,0,2019-11-25T10:14:49.4400000Z,"WeatherStation","36FB8F6A","C239F2BB01603C65",29.700000762939453,964.564453125,46,17.599994659423828,355,"CWF-MX-001"
2019-11-25T00:00:00.0000000,2019-11-25T10:14:54.6961503Z,0,2019-11-25T10:14:54.6780000Z,"WeatherStation","36FB8F6A","21D51DFEB7CD835B",29.700000762939453,964.544677734375,45.799999237060547,17.599994659423828,357,"CWF-MX-001"
2019-11-25T00:00:00.0000000,2019-11-25T10:14:59.9609266Z,0,2019-11-25T10:14:59.9140000Z,"WeatherStation","36FB8F6A","C239F2BB01603C65",29.700000762939453,964.5732421875,45.599998474121094,17.599994659423828,355,"CWF-MX-001"
2019-11-25T00:00:00.0000000,2019-11-25T10:15:05.2274876Z,0,2019-11-25T10:15:05.1520000Z,"WeatherStation","36FB8F6A","DAEB0EA016142D6C",29.700000762939453,964.506591796875,45.400001525878906,17.599994659423828,356,"CWF-MX-001"
2019-11-25T00:00:00.0000000,2019-11-25T10:15:10.4969966Z,0,2019-11-25T10:15:10.4030000Z,"WeatherStation","36FB8F6A","3766E9D7B7BB1507",29.600000381469727,964.5146484375,45.200000762939453,17.599994659423828,354,"CWF-MX-001"
2019-11-25T00:00:00.0000000,2019-11-25T10:15:16.2687348Z,0,2019-11-25T10:15:16.1540000Z,"WeatherStation","36FB8F6A","874EC3EA3232BC86",29.5,964.505126953125,45.299999237060547,17.599994659423828,355,"CWF-MX-001"
2019-11-25T00:00:00.0000000,2019-11-25T10:15:21.4315284Z,0,2019-11-25T10:15:21.3900000Z,"WeatherStation","36FB8F6A","3766E9D7B7BB1507",29.600000381469727,964.529541015625,45.200000762939453,17.599994659423828,354,"CWF-MX-001"
2019-11-25T00:00:00.0000000,2019-11-25T10:15:27.1023437Z,0,2019-11-25T10:15:27.0320000Z,"WeatherStation","36FB8F6A","7BC8A15AFF6F961A",29.600000381469727,964.476318359375,45.099998474121094,17.599994659423828,357,"CWF-MX-001"
2019-11-25T00:00:00.0000000,2019-11-25T10:15:32.3708039Z,0,2019-11-25T10:15:32.2880000Z,"WeatherStation","36FB8F6A","3766E9D7B7BB1507",29.600000381469727,964.53369140625,45.200000762939453,17.599994659423828,354,"CWF-MX-001"
2019-11-25T00:00:00.0000000,2019-11-25T10:15:37.6350645Z,0,2019-11-25T10:15:37.5230000Z,"WeatherStation","36FB8F6A","990065C54E86B48A",29.600000381469727,964.558349609375,45.200000762939453,17.599994659423828,356,"CWF-MX-001"
2019-11-25T00:00:00.0000000,2019-11-25T10:15:42.8980940Z,0,2019-11-25T10:15:42.7760000Z,"WeatherStation","36FB8F6A","990065C54E86B48A",29.600000381469727,964.533447265625,45.099998474121094,17.599994659423828,356,"CWF-MX-001"
2019-11-25T00:00:00.0000000,2019-11-25T10:15:48.0660927Z,0,2019-11-25T10:15:48.0120000Z,"WeatherStation","36FB8F6A","990065C54E86B48A",29.600000381469727,964.531005859375,45.200000762939453,17.599994659423828,356,"CWF-MX-001"
2019-11-25T00:00:00.0000000,2019-11-25T10:15:53.3311803Z,0,2019-11-25T10:15:53.2490000Z,"WeatherStation","36FB8F6A","990065C54E86B48A",29.600000381469727,964.523681640625,45.299999237060547,17.599994659423828,356,"CWF-MX-001"
2019-11-25T00:00:00.0000000,2019-11-25T10:15:58.5949117Z,0,2019-11-25T10:15:58.4850000Z,"WeatherStation","36FB8F6A","874EC3EA3232BC86",29.5,964.4814453125,45.099998474121094,17.599994659423828,355,"CWF-MX-001"
2019-11-25T00:00:00.0000000,2019-11-25T10:16:03.7643485Z,0,2019-11-25T10:16:03.7390000Z,"WeatherStation","36FB8F6A","7EE4C48FA544687D",29.5,964.49951171875,45,17.599994659423828,354,"CWF-MX-001"
2019-11-25T00:00:00.0000000,2019-11-25T10:16:09.0383890Z,0,2019-11-25T10:16:08.9770000Z,"WeatherStation","36FB8F6A","7EE4C48FA544687D",29.5,964.491455078125,44.799999237060547,17.599994659423828,354,"CWF-MX-001"
2019-11-25T00:00:00.0000000,2019-11-25T10:16:14.3025219Z,0,2019-11-25T10:16:14.2120000Z,"WeatherStation","36FB8F6A","3766E9D7B7BB1507",29.600000381469727,964.52392578125,44.799999237060547,17.599994659423828,354,"CWF-MX-001"
2019-11-25T00:00:00.0000000,2019-11-25T10:16:19.5683517Z,0,2019-11-25T10:16:19.4630000Z,"WeatherStation","36FB8F6A","1256CEA2F8666054",29.5,964.484130859375,45.299999237060547,17.599994659423828,356,"CWF-MX-001"
2019-11-25T00:00:00.0000000,2019-11-25T10:16:24.8323876Z,0,2019-11-25T10:16:24.6980000Z,"WeatherStation","36FB8F6A","7EE4C48FA544687D",29.5,964.511962890625,45.400001525878906,17.599994659423828,354,"CWF-MX-001"
2019-11-25T00:00:00.0000000,2019-11-25T10:16:30.0067698Z,0,2019-11-25T10:16:29.9480000Z,"WeatherStation","36FB8F6A","874EC3EA3232BC86",29.5,964.491943359375,45.200000762939453,17.599994659423828,355,"CWF-MX-001"
2019-11-25T00:00:00.0000000,2019-11-25T10:16:35.2687704Z,0,2019-11-25T10:16:35.1850000Z,"WeatherStation","36FB8F6A","874EC3EA3232BC86",29.5,964.4951171875,45.099998474121094,17.599994659423828,355,"CWF-MX-001"
2019-11-25T00:00:00.0000000,2019-11-25T10:16:40.5348896Z,0,2019-11-25T10:16:40.4350000Z,"WeatherStation","36FB8F6A","1256CEA2F8666054",29.5,964.48583984375,45,17.599994659423828,356,"CWF-MX-001"
2019-11-25T00:00:00.0000000,2019-11-25T10:16:45.7010382Z,0,2019-11-25T10:16:45.6720000Z,"WeatherStation","36FB8F6A","874EC3EA3232BC86",29.5,964.5341796875,45,17.599994659423828,355,"CWF-MX-001"
2019-11-25T00:00:00.0000000,2019-11-25T10:16:50.9668153Z,0,2019-11-25T10:16:50.9130000Z,"WeatherStation","36FB8F6A","7EE4C48FA544687D",29.5,964.497802734375,45.099998474121094,17.599994659423828,354,"CWF-MX-001"
2019-11-25T00:00:00.0000000,2019-11-25T10:16:56.2307219Z,0,2019-11-25T10:16:56.1640000Z,"WeatherStation","36FB8F6A","1256CEA2F8666054",29.5,964.546875,45,17.599994659423828,356,"CWF-MX-001"
2019-11-25T00:00:00.0000000,2019-11-25T10:17:01.4996516Z,0,2019-11-25T10:17:01.4000000Z,"WeatherStation","36FB8F6A","874EC3EA3232BC86",29.5,964.537353515625,44.900001525878906,17.599994659423828,355,"CWF-MX-001"
2019-11-25T00:00:00.0000000,2019-11-25T10:17:06.7668891Z,0,2019-11-25T10:17:06.6350000Z,"WeatherStation","36FB8F6A","1E901241D30ABB08",29.600000381469727,964.496337890625,45.099998474121094,17.599994659423828,359,"CWF-MX-001"
2019-11-25T00:00:00.0000000,2019-11-25T10:17:11.9292579Z,0,2019-11-25T10:17:11.8850000Z,"WeatherStation","36FB8F6A","B4D93872C4E2840E",29.700000762939453,964.530029296875,45.5,17.599994659423828,3,"CWF-MX-001"
2019-11-25T00:00:00.0000000,2019-11-25T10:17:17.1942935Z,0,2019-11-25T10:17:17.1210000Z,"WeatherStation","36FB8F6A","D06FA8FA223195E1",29.799999237060547,964.484375,45.5,17.999996185302734,295,"CWF-MX-001"
2019-11-25T00:00:00.0000000,2019-11-25T10:17:22.4606259Z,0,2019-11-25T10:17:22.3710000Z,"WeatherStation","36FB8F6A","4CC3AA1C39998AD6",29.799999237060547,964.539306640625,45.5,15.399990081787109,298,"CWF-MX-001"
2019-11-25T00:00:00.0000000,2019-11-25T10:17:27.7248917Z,0,2019-11-25T10:17:27.6080000Z,"WeatherStation","36FB8F6A","0B1085305DE2C806",29.799999237060547,964.521484375,45.5,15.399990081787109,9,"CWF-MX-001"
2019-11-25T00:00:00.0000000,2019-11-25T10:17:32.8930052Z,0,2019-11-25T10:17:32.8610000Z,"WeatherStation","36FB8F6A","D84DBA01F681D5BD",29.700000762939453,964.47900390625,45.099998474121094,15.399990081787109,11,"CWF-MX-001"
2019-11-25T00:00:00.0000000,2019-11-25T10:17:38.1571958Z,0,2019-11-25T10:17:38.0970000Z,"WeatherStation","36FB8F6A","D03193F8A3BB79A6",29.799999237060547,964.4931640625,44.799999237060547,15.399990081787109,10,"CWF-MX-001"
2019-11-25T00:00:00.0000000,2019-11-25T10:17:43.4201667Z,0,2019-11-25T10:17:43.3480000Z,"WeatherStation","36FB8F6A","8BFED4B088643FEE",29.799999237060547,964.49609375,44.599998474121094,15.399990081787109,2,"CWF-MX-001"
2019-11-25T00:00:00.0000000,2019-11-25T10:17:48.6872171Z,0,2019-11-25T10:17:48.5830000Z,"WeatherStation","36FB8F6A","9C34499BD5FBD265",29.700000762939453,964.50146484375,44.599998474121094,15.399990081787109,9,"CWF-MX-001"
2019-11-25T00:00:00.0000000,2019-11-25T10:17:53.8518007Z,0,2019-11-25T10:17:53.8210000Z,"WeatherStation","36FB8F6A","9C34499BD5FBD265",29.700000762939453,964.50927734375,44.400001525878906,15.399990081787109,9,"CWF-MX-001"
2019-11-25T00:00:00.0000000,2019-11-25T10:17:59.1211060Z,0,2019-11-25T10:17:59.0730000Z,"WeatherStation","36FB8F6A","2EE4353CE77831B9",29.700000762939453,964.4599609375,44.400001525878906,15.399990081787109,7,"CWF-MX-001"
2019-11-25T00:00:00.0000000,2019-11-25T10:18:04.3914823Z,0,2019-11-25T10:18:04.3070000Z,"WeatherStation","36FB8F6A","9C34499BD5FBD265",29.700000762939453,964.499755859375,44.299999237060547,15.399990081787109,9,"CWF-MX-001"
2019-11-25T00:00:00.0000000,2019-11-25T10:18:09.6604558Z,0,2019-11-25T10:18:09.5420000Z,"WeatherStation","36FB8F6A","1B053DA011E311F8",29.700000762939453,964.449462890625,44.700000762939453,15.399990081787109,10,"CWF-MX-001"
2019-11-25T00:00:00.0000000,2019-11-25T10:18:14.8287959Z,0,2019-11-25T10:18:14.7930000Z,"WeatherStation","36FB8F6A","9FF06DCDECC3C1A0",29.600000381469727,964.45751953125,45,15.399990081787109,7,"CWF-MX-001"
2019-11-25T00:00:00.0000000,2019-11-25T10:18:20.0928259Z,0,2019-11-25T10:18:20.0310000Z,"WeatherStation","36FB8F6A","8DBC2BCDD957BA75",29.600000381469727,964.445556640625,45.099998474121094,15.399990081787109,10,"CWF-MX-001"
2019-11-25T00:00:00.0000000,2019-11-25T10:18:25.3600444Z,0,2019-11-25T10:18:25.2830000Z,"WeatherStation","36FB8F6A","986A693150C48D56",29.5,964.482666015625,45,15.399990081787109,9,"CWF-MX-001"
2019-11-25T00:00:00.0000000,2019-11-25T10:18:30.6316727Z,0,2019-11-25T10:18:30.5220000Z,"WeatherStation","36FB8F6A","986A693150C48D56",29.5,964.4755859375,44.900001525878906,15.399990081787109,9,"CWF-MX-001"
2019-11-25T00:00:00.0000000,2019-11-25T10:18:35.8041598Z,0,2019-11-25T10:18:35.7590000Z,"WeatherStation","36FB8F6A","72F2D4E194006ECA",29.5,964.49267578125,44.799999237060547,15.399990081787109,8,"CWF-MX-001"
2019-11-25T00:00:00.0000000,2019-11-25T10:18:41.0684791Z,0,2019-11-25T10:18:41.0120000Z,"WeatherStation","36FB8F6A","6B550813888D55A9",29.399999618530273,964.498046875,44.599998474121094,15.399990081787109,10,"CWF-MX-001"
2019-11-25T00:00:00.0000000,2019-11-25T10:18:46.3395287Z,0,2019-11-25T10:18:46.2480000Z,"WeatherStation","36FB8F6A","986A693150C48D56",29.5,964.447509765625,44.700000762939453,15.399990081787109,9,"CWF-MX-001"
2019-11-25T00:00:00.0000000,2019-11-25T10:18:51.6065458Z,0,2019-11-25T10:18:51.4860000Z,"WeatherStation","36FB8F6A","6B550813888D55A9",29.399999618530273,964.462158203125,44.700000762939453,15.399990081787109,10,"CWF-MX-001"
2019-11-25T00:00:00.0000000,2019-11-25T10:18:56.7679022Z,0,2019-11-25T10:18:56.7240000Z,"WeatherStation","36FB8F6A","6AF088F31EBE27BD",29.399999618530273,964.49658203125,44.599998474121094,15.399990081787109,9,"CWF-MX-001"
2019-11-25T00:00:00.0000000,2019-11-25T10:19:02.0381442Z,0,2019-11-25T10:19:01.9750000Z,"WeatherStation","36FB8F6A","6B550813888D55A9",29.399999618530273,964.462890625,44.599998474121094,15.399990081787109,10,"CWF-MX-001"
2019-11-25T00:00:00.0000000,2019-11-25T10:19:07.3050225Z,0,2019-11-25T10:19:07.2100000Z,"WeatherStation","36FB8F6A","F5AD7B9E50B597BD",29.399999618530273,964.458984375,44.599998474121094,15.399990081787109,7,"CWF-MX-001"
2019-11-25T00:00:00.0000000,2019-11-25T10:19:12.5688374Z,0,2019-11-25T10:19:12.4600000Z,"WeatherStation","36FB8F6A","6B550813888D55A9",29.399999618530273,964.45947265625,44.5,15.399990081787109,10,"CWF-MX-001"
2019-11-25T00:00:00.0000000,2019-11-25T10:19:17.7326372Z,0,2019-11-25T10:19:17.6940000Z,"WeatherStation","36FB8F6A","6AF088F31EBE27BD",29.399999618530273,964.46240234375,44.900001525878906,15.399990081787109,9,"CWF-MX-001"
2019-11-25T00:00:00.0000000,2019-11-25T10:19:23.0072119Z,0,2019-11-25T10:19:22.9460000Z,"WeatherStation","36FB8F6A","6B550813888D55A9",29.399999618530273,964.4072265625,45.299999237060547,15.399990081787109,10,"CWF-MX-001"
2019-11-25T00:00:00.0000000,2019-11-25T10:19:28.2721288Z,0,2019-11-25T10:19:28.1810000Z,"WeatherStation","36FB8F6A","6AF088F31EBE27BD",29.399999618530273,964.4619140625,45.200000762939453,15.399990081787109,9,"CWF-MX-001"
2019-11-25T00:00:00.0000000,2019-11-25T10:19:33.5388120Z,0,2019-11-25T10:19:33.4310000Z,"WeatherStation","36FB8F6A","6B550813888D55A9",29.399999618530273,964.401123046875,45.099998474121094,15.399990081787109,10,"CWF-MX-001"
2019-11-25T00:00:00.0000000,2019-11-25T10:19:38.7063628Z,0,2019-11-25T10:19:38.6700000Z,"WeatherStation","36FB8F6A","986A693150C48D56",29.5,964.460205078125,44.900001525878906,15.399990081787109,9,"CWF-MX-001"
2019-11-25T00:00:00.0000000,2019-11-25T10:19:43.9715986Z,0,2019-11-25T10:19:43.9360000Z,"WeatherStation","36FB8F6A","8B0E81BFAA43A26A",29.5,964.44384765625,45.200000762939453,15.399990081787109,11,"CWF-MX-001"
2019-11-25T00:00:00.0000000,2019-11-25T10:19:49.2405013Z,0,2019-11-25T10:19:49.1450000Z,"WeatherStation","36FB8F6A","6B550813888D55A9",29.399999618530273,964.460693359375,45.200000762939453,15.399990081787109,10,"CWF-MX-001"
2019-11-25T00:00:00.0000000,2019-11-25T10:19:54.5081889Z,0,2019-11-25T10:19:54.3980000Z,"WeatherStation","36FB8F6A","F5AD7B9E50B597BD",29.399999618530273,964.430908203125,45.400001525878906,15.399990081787109,7,"CWF-MX-001"
2019-11-25T00:00:00.0000000,2019-11-25T10:19:59.6747049Z,0,2019-11-25T10:19:59.6340000Z,"WeatherStation","36FB8F6A","6AF088F31EBE27BD",29.399999618530273,964.45703125,44.900001525878906,15.399990081787109,9,"CWF-MX-001"
2019-11-25T00:00:00.0000000,2019-11-25T10:20:04.9375973Z,0,2019-11-25T10:20:04.8700000Z,"WeatherStation","36FB8F6A","6AF088F31EBE27BD",29.399999618530273,964.44189453125,44.799999237060547,15.399990081787109,9,"CWF-MX-001"
2019-11-25T00:00:00.0000000,2019-11-25T10:20:10.2052814Z,0,2019-11-25T10:20:10.1250000Z,"WeatherStation","36FB8F6A","6B550813888D55A9",29.399999618530273,964.39794921875,45.099998474121094,15.399990081787109,10,"CWF-MX-001"
2019-11-25T00:00:00.0000000,2019-11-25T10:20:15.4715668Z,0,2019-11-25T10:20:15.3920000Z,"WeatherStation","36FB8F6A","6B550813888D55A9",29.399999618530273,964.4501953125,45,15.399990081787109,10,"CWF-MX-001"
2019-11-25T00:00:00.0000000,2019-11-25T10:20:20.7360093Z,0,2019-11-25T10:20:20.7050000Z,"WeatherStation","36FB8F6A","8B0372E8F7A86BDF",29.399999618530273,964.4453125,44.900001525878906,15.399990081787109,8,"CWF-MX-001"
2019-11-25T00:00:00.0000000,2019-11-25T10:20:25.9995035Z,0,2019-11-25T10:20:25.9400000Z,"WeatherStation","36FB8F6A","6AF088F31EBE27BD",29.399999618530273,964.462890625,45,15.399990081787109,9,"CWF-MX-001"
2019-11-25T00:00:00.0000000,2019-11-25T10:20:31.2668240Z,0,2019-11-25T10:20:31.1920000Z,"WeatherStation","36FB8F6A","6B550813888D55A9",29.399999618530273,964.413818359375,45,15.399990081787109,10,"CWF-MX-001"
2019-11-25T00:00:00.0000000,2019-11-25T10:20:36.5318915Z,0,2019-11-25T10:20:36.4300000Z,"WeatherStation","36FB8F6A","12BBCCC9CF647CB5",29.399999618530273,964.4208984375,47.599998474121094,15.399990081787109,359,"CWF-MX-001"
2019-11-25T00:00:00.0000000,2019-11-25T10:21:09.6645525Z,0,2019-11-25T10:21:09.5600000Z,"WeatherStation","36FB8F6A","ED2924F2296DA2AC",29.5,964.4501953125,46.799999237060547,5.1999998092651367,7,"CWF-MX-001"
2019-11-25T00:00:00.0000000,2019-11-25T10:21:15.1313221Z,0,2019-11-25T10:21:15.0160000Z,"WeatherStation","36FB8F6A","4B9ECA20B92CD941",29.5,964.428955078125,46.700000762939453,5.1999998092651367,4,"CWF-MX-001"
2019-11-25T00:00:00.0000000,2019-11-25T10:21:20.3020666Z,0,2019-11-25T10:21:20.2530000Z,"WeatherStation","36FB8F6A","CDFA6F562DBBFE86",29.600000381469727,964.419189453125,46.299999237060547,5.1999998092651367,5,"CWF-MX-001"
2019-11-25T00:00:00.0000000,2019-11-25T10:21:25.5764296Z,0,2019-11-25T10:21:25.5040000Z,"WeatherStation","36FB8F6A","CDFA6F562DBBFE86",29.600000381469727,964.40966796875,46.200000762939453,5.1999998092651367,5,"CWF-MX-001"
2019-11-25T00:00:00.0000000,2019-11-25T10:21:30.8422659Z,0,2019-11-25T10:21:30.7390000Z,"WeatherStation","36FB8F6A","CDFA6F562DBBFE86",29.600000381469727,964.434326171875,45.900001525878906,5.1999998092651367,5,"CWF-MX-001"
2019-11-25T00:00:00.0000000,2019-11-25T10:21:36.1096730Z,0,2019-11-25T10:21:35.9910000Z,"WeatherStation","36FB8F6A","E0EB33D9AFBCF2D9",29.600000381469727,964.344970703125,45.799999237060547,5.1999998092651367,6,"CWF-MX-001"
2019-11-25T00:00:00.0000000,2019-11-25T10:21:41.2732587Z,0,2019-11-25T10:21:41.2420000Z,"WeatherStation","36FB8F6A","938BC5E8B2270F78",29.600000381469727,964.418701171875,45.700000762939453,5.1999998092651367,4,"CWF-MX-001"
2019-11-25T00:00:00.0000000,2019-11-25T10:21:46.5415204Z,0,2019-11-25T10:21:46.4610000Z,"WeatherStation","36FB8F6A","CDFA6F562DBBFE86",29.600000381469727,964.432861328125,45.5,5.1999998092651367,5,"CWF-MX-001"
2019-11-25T00:00:00.0000000,2019-11-25T10:21:51.8072084Z,0,2019-11-25T10:21:51.7150000Z,"WeatherStation","36FB8F6A","CDFA6F562DBBFE86",29.600000381469727,964.447998046875,45.299999237060547,5.1999998092651367,5,"CWF-MX-001"
2019-11-25T00:00:00.0000000,2019-11-25T10:21:57.1761985Z,0,2019-11-25T10:21:57.0440000Z,"WeatherStation","36FB8F6A","938BC5E8B2270F78",29.600000381469727,964.44482421875,45.299999237060547,5.1999998092651367,4,"CWF-MX-001"
2019-11-25T00:00:00.0000000,2019-11-25T10:22:02.3408225Z,0,2019-11-25T10:22:02.2960000Z,"WeatherStation","36FB8F6A","42F0D8112365B1B8",29.700000762939453,964.455810546875,45.200000762939453,5.1999998092651367,5,"CWF-MX-001"
2019-11-25T00:00:00.0000000,2019-11-25T10:22:07.6076347Z,0,2019-11-25T10:22:07.5310000Z,"WeatherStation","36FB8F6A","42F0D8112365B1B8",29.700000762939453,964.4755859375,45.200000762939453,5.1999998092651367,5,"CWF-MX-001"
2019-11-25T00:00:00.0000000,2019-11-25T10:22:12.8769520Z,0,2019-11-25T10:22:12.7690000Z,"WeatherStation","36FB8F6A","4718535BC5A98AC2",29.700000762939453,964.38623046875,45.099998474121094,5.1999998092651367,4,"CWF-MX-001"
2019-11-25T00:00:00.0000000,2019-11-25T10:22:18.1392052Z,0,2019-11-25T10:22:18.0210000Z,"WeatherStation","36FB8F6A","758C182E7DA4192D",29.799999237060547,964.423828125,44.900001525878906,5.1999998092651367,4,"CWF-MX-001"
2019-11-25T00:00:00.0000000,2019-11-25T10:22:23.8140222Z,0,2019-11-25T10:22:23.6640000Z,"WeatherStation","36FB8F6A","758C182E7DA4192D",29.799999237060547,964.407470703125,45,5.1999998092651367,4,"CWF-MX-001"
2019-11-25T00:00:00.0000000,2019-11-25T10:22:28.9805485Z,0,2019-11-25T10:22:28.9000000Z,"WeatherStation","36FB8F6A","42F0D8112365B1B8",29.700000762939453,964.436767578125,44.799999237060547,5.1999998092651367,5,"CWF-MX-001"
2019-11-25T00:00:00.0000000,2019-11-25T10:22:34.2474520Z,0,2019-11-25T10:22:34.1370000Z,"WeatherStation","36FB8F6A","68BC11CA144B3477",29.799999237060547,964.398193359375,44.700000762939453,5.1999998092651367,7,"CWF-MX-001"
2019-11-25T00:00:00.0000000,2019-11-25T10:22:39.4195601Z,0,2019-11-25T10:22:39.3880000Z,"WeatherStation","36FB8F6A","CC623179CCB05BF7",29.700000762939453,964.42626953125,44.700000762939453,5.1999998092651367,9,"CWF-MX-001"
2019-11-25T00:00:00.0000000,2019-11-25T10:22:44.6846957Z,0,2019-11-25T10:22:44.6250000Z,"WeatherStation","36FB8F6A","133FC81524A06D0A",29.700000762939453,964.43603515625,44.700000762939453,5.1999998092651367,6,"CWF-MX-001"
2019-11-25T00:00:00.0000000,2019-11-25T10:22:49.9515914Z,0,2019-11-25T10:22:49.8760000Z,"WeatherStation","36FB8F6A","C6F7F1B2E73A0ED5",29.799999237060547,964.38916015625,44.599998474121094,5.1999998092651367,5,"CWF-MX-001"
2019-11-25T00:00:00.0000000,2019-11-25T10:22:55.2155903Z,0,2019-11-25T10:22:55.1110000Z,"WeatherStation","36FB8F6A","41911FBEA5D8112F",29.799999237060547,964.415283203125,44.799999237060547,5.1999998092651367,3,"CWF-MX-001"
2019-11-25T00:00:00.0000000,2019-11-25T10:23:00.4851454Z,0,2019-11-25T10:23:00.3610000Z,"WeatherStation","36FB8F6A","758C182E7DA4192D",29.799999237060547,964.431884765625,44.799999237060547,5.1999998092651367,4,"CWF-MX-001"
2019-11-25T00:00:00.0000000,2019-11-25T10:23:05.6521215Z,0,2019-11-25T10:23:05.5960000Z,"WeatherStation","36FB8F6A","7C1638E49DD6D794",29.799999237060547,964.42626953125,45.299999237060547,5.1999998092651367,2,"CWF-MX-001"
2019-11-25T00:00:00.0000000,2019-11-25T10:23:10.9146645Z,0,2019-11-25T10:23:10.8480000Z,"WeatherStation","36FB8F6A","F6E5507A5291AC99",29.899999618530273,964.412353515625,45.299999237060547,5.1999998092651367,5,"CWF-MX-001"
2019-11-25T00:00:00.0000000,2019-11-25T10:23:16.1809422Z,0,2019-11-25T10:23:16.0850000Z,"WeatherStation","36FB8F6A","F3009A46FD69C1BA",29.899999618530273,964.4091796875,45.299999237060547,5.1999998092651367,3,"CWF-MX-001"
2019-11-25T00:00:00.0000000,2019-11-25T10:23:21.3486331Z,0,2019-11-25T10:23:21.3200000Z,"WeatherStation","36FB8F6A","7C1638E49DD6D794",29.799999237060547,964.354248046875,45.5,5.1999998092651367,2,"CWF-MX-001"
2019-11-25T00:00:00.0000000,2019-11-25T10:23:26.6148682Z,0,2019-11-25T10:23:26.5700000Z,"WeatherStation","36FB8F6A","41911FBEA5D8112F",29.799999237060547,964.381591796875,45.200000762939453,5.1999998092651367,3,"CWF-MX-001"
2019-11-25T00:00:00.0000000,2019-11-25T10:23:31.8786550Z,0,2019-11-25T10:23:31.8080000Z,"WeatherStation","36FB8F6A","F38BADC4AA90B362",29.899999618530273,964.3779296875,45.299999237060547,5.1999998092651367,2,"CWF-MX-001"
2019-11-25T00:00:00.0000000,2019-11-25T10:23:37.1452826Z,0,2019-11-25T10:23:37.0420000Z,"WeatherStation","36FB8F6A","F6E5507A5291AC99",29.899999618530273,964.4052734375,45.099998474121094,5.1999998092651367,5,"CWF-MX-001"
2019-11-25T00:00:00.0000000,2019-11-25T10:23:42.4113496Z,0,2019-11-25T10:23:42.2970000Z,"WeatherStation","36FB8F6A","A9CD5FCFB9A0CDF1",29.899999618530273,964.375244140625,45.099998474121094,5.1999998092651367,4,"CWF-MX-001"
2019-11-25T00:00:00.0000000,2019-11-25T10:23:47.5753467Z,0,2019-11-25T10:23:47.5330000Z,"WeatherStation","36FB8F6A","A9CD5FCFB9A0CDF1",29.899999618530273,964.409423828125,45,5.1999998092651367,4,"CWF-MX-001"
2019-11-25T00:00:00.0000000,2019-11-25T10:23:52.8442779Z,0,2019-11-25T10:23:52.7700000Z,"WeatherStation","36FB8F6A","A9CD5FCFB9A0CDF1",29.899999618530273,964.4091796875,45,5.1999998092651367,4,"CWF-MX-001"
2019-11-25T00:00:00.0000000,2019-11-25T10:23:58.1133441Z,0,2019-11-25T10:23:58.0240000Z,"WeatherStation","36FB8F6A","F38BADC4AA90B362",29.899999618530273,964.396240234375,45,5.1999998092651367,2,"CWF-MX-001"
2019-11-25T00:00:00.0000000,2019-11-25T10:24:03.3781721Z,0,2019-11-25T10:24:03.2600000Z,"WeatherStation","36FB8F6A","A9CD5FCFB9A0CDF1",29.899999618530273,964.439697265625,44.799999237060547,5.1999998092651367,4,"CWF-MX-001"
2019-11-25T00:00:00.0000000,2019-11-25T10:24:08.5527741Z,0,2019-11-25T10:24:08.4990000Z,"WeatherStation","36FB8F6A","A9CD5FCFB9A0CDF1",29.899999618530273,964.4248046875,45,5.1999998092651367,4,"CWF-MX-001"
2019-11-25T00:00:00.0000000,2019-11-25T10:24:13.8207825Z,0,2019-11-25T10:24:13.7350000Z,"WeatherStation","36FB8F6A","A9CD5FCFB9A0CDF1",29.899999618530273,964.41943359375,44.900001525878906,5.1999998092651367,4,"CWF-MX-001"
2019-11-25T00:00:00.0000000,2019-11-25T10:24:19.0846475Z,0,2019-11-25T10:24:18.9860000Z,"WeatherStation","36FB8F6A","F38BADC4AA90B362",29.899999618530273,964.411865234375,44.799999237060547,5.1999998092651367,2,"CWF-MX-001"
2019-11-25T00:00:00.0000000,2019-11-25T10:24:24.3515808Z,0,2019-11-25T10:24:24.2220000Z,"WeatherStation","36FB8F6A","A9CD5FCFB9A0CDF1",29.899999618530273,964.398681640625,44.900001525878906,5.1999998092651367,4,"CWF-MX-001"
2019-11-25T00:00:00.0000000,2019-11-25T10:24:29.5119891Z,0,2019-11-25T10:24:29.4570000Z,"WeatherStation","36FB8F6A","FF190341A080E4F4",30,964.404296875,44.799999237060547,5.1999998092651367,3,"CWF-MX-001"
2019-11-25T00:00:00.0000000,2019-11-25T10:24:34.7780055Z,0,2019-11-25T10:24:34.7090000Z,"WeatherStation","36FB8F6A","3417A65416F710EF",30,964.3828125,44.799999237060547,5.1999998092651367,4,"CWF-MX-001"
2019-11-25T00:00:00.0000000,2019-11-25T10:24:40.0420419Z,0,2019-11-25T10:24:39.9460000Z,"WeatherStation","36FB8F6A","439F1526841E62AC",30,964.401611328125,44.599998474121094,5.1999998092651367,5,"CWF-MX-001"
2019-11-25T00:00:00.0000000,2019-11-25T10:24:45.3083347Z,0,2019-11-25T10:24:45.1980000Z,"WeatherStation","36FB8F6A","F6E5507A5291AC99",29.899999618530273,964.392822265625,44.700000762939453,5.1999998092651367,5,"CWF-MX-001"
2019-11-25T00:00:00.0000000,2019-11-25T10:24:50.4733402Z,0,2019-11-25T10:24:50.4340000Z,"WeatherStation","36FB8F6A","439F1526841E62AC",30,964.376953125,44.400001525878906,5.1999998092651367,5,"CWF-MX-001"
2019-11-25T00:00:00.0000000,2019-11-25T10:24:55.7381527Z,0,2019-11-25T10:24:55.6850000Z,"WeatherStation","36FB8F6A","571DF62348D427A0",30,964.382568359375,44.400001525878906,5.1999998092651367,2,"CWF-MX-001"
2019-11-25T00:00:00.0000000,2019-11-25T10:25:01.0048030Z,0,2019-11-25T10:25:00.9380000Z,"WeatherStation","36FB8F6A","3417A65416F710EF",30,964.38916015625,44.5,5.1999998092651367,4,"CWF-MX-001"
2019-11-25T00:00:00.0000000,2019-11-25T10:25:06.2707501Z,0,2019-11-25T10:25:06.1590000Z,"WeatherStation","36FB8F6A","3417A65416F710EF",30,964.36572265625,44.599998474121094,5.1999998092651367,4,"CWF-MX-001"
2019-11-25T00:00:00.0000000,2019-11-25T10:25:11.5397864Z,0,2019-11-25T10:25:11.4100000Z,"WeatherStation","36FB8F6A","FF190341A080E4F4",30,964.390380859375,44.700000762939453,5.1999998092651367,3,"CWF-MX-001"
2019-11-25T00:00:00.0000000,2019-11-25T10:25:17.0031908Z,0,2019-11-25T10:25:16.9450000Z,"WeatherStation","36FB8F6A","FF190341A080E4F4",30,964.41357421875,44.599998474121094,5.1999998092651367,3,"CWF-MX-001"
2019-11-25T00:00:00.0000000,2019-11-25T10:25:22.2688428Z,0,2019-11-25T10:25:22.1980000Z,"WeatherStation","36FB8F6A","3417A65416F710EF",30,964.3974609375,44.400001525878906,5.1999998092651367,4,"CWF-MX-001"
2019-11-25T00:00:00.0000000,2019-11-25T10:25:27.5327441Z,0,2019-11-25T10:25:27.4490000Z,"WeatherStation","36FB8F6A","3417A65416F710EF",30,964.35400390625,44.5,5.1999998092651367,4,"CWF-MX-001"
2019-11-25T00:00:00.0000000,2019-11-25T10:25:32.8038979Z,0,2019-11-25T10:25:32.6860000Z,"WeatherStation","36FB8F6A","FF190341A080E4F4",30,964.36279296875,44.299999237060547,5.1999998092651367,3,"CWF-MX-001"
2019-11-25T00:00:00.0000000,2019-11-25T10:25:37.9716154Z,0,2019-11-25T10:25:37.9210000Z,"WeatherStation","36FB8F6A","7992CBD253D34FA1",30,964.331298828125,44.599998474121094,5.1999998092651367,1,"CWF-MX-001"
2019-11-25T00:00:00.0000000,2019-11-25T10:25:43.3388083Z,0,2019-11-25T10:25:43.2810000Z,"WeatherStation","36FB8F6A","FF190341A080E4F4",30,964.37939453125,44.599998474121094,5.1999998092651367,3,"CWF-MX-001"
2019-11-25T00:00:00.0000000,2019-11-25T10:25:48.6046780Z,0,2019-11-25T10:25:48.5020000Z,"WeatherStation","36FB8F6A","3417A65416F710EF",30,964.37548828125,44.5,5.1999998092651367,4,"CWF-MX-001"
2019-11-25T00:00:00.0000000,2019-11-25T10:25:53.8696429Z,0,2019-11-25T10:25:53.7400000Z,"WeatherStation","36FB8F6A","CD8F60097FAA7530",30.100000381469727,964.354248046875,44.700000762939453,5.1999998092651367,4,"CWF-MX-001"
2019-11-25T00:00:00.0000000,2019-11-25T10:25:59.1314500Z,0,2019-11-25T10:25:59.0230000Z,"WeatherStation","36FB8F6A","3417A65416F710EF",30,964.38330078125,44.700000762939453,5.1999998092651367,4,"CWF-MX-001"
2019-11-25T00:00:00.0000000,2019-11-25T10:26:04.2977087Z,0,2019-11-25T10:26:04.2450000Z,"WeatherStation","36FB8F6A","6873ED3C223B614F",30.100000381469727,964.32568359375,44.400001525878906,5.1999998092651367,3,"CWF-MX-001"
2019-11-25T00:00:00.0000000,2019-11-25T10:26:09.5640248Z,0,2019-11-25T10:26:09.4650000Z,"WeatherStation","36FB8F6A","FF190341A080E4F4",30,964.36474609375,45.099998474121094,5.1999998092651367,3,"CWF-MX-001"
2019-11-25T00:00:00.0000000,2019-11-25T10:26:14.8270837Z,0,2019-11-25T10:26:14.7310000Z,"WeatherStation","36FB8F6A","6873ED3C223B614F",30.100000381469727,964.35400390625,45.400001525878906,5.1999998092651367,3,"CWF-MX-001"
2019-11-25T00:00:00.0000000,2019-11-25T10:26:19.9906881Z,0,2019-11-25T10:26:19.9510000Z,"WeatherStation","36FB8F6A","3417A65416F710EF",30,964.368896484375,45.299999237060547,5.1999998092651367,4,"CWF-MX-001"
2019-11-25T00:00:00.0000000,2019-11-25T10:26:25.2574537Z,0,2019-11-25T10:26:25.2030000Z,"WeatherStation","36FB8F6A","FF190341A080E4F4",30,964.352294921875,45.299999237060547,5.1999998092651367,3,"CWF-MX-001"
2019-11-25T00:00:00.0000000,2019-11-25T10:26:30.5224434Z,0,2019-11-25T10:26:30.4550000Z,"WeatherStation","36FB8F6A","48EEBA3A4F08E005",30.100000381469727,964.35400390625,45.099998474121094,5.1999998092651367,2,"CWF-MX-001"
2019-11-25T00:00:00.0000000,2019-11-25T10:26:35.7864292Z,0,2019-11-25T10:26:35.6750000Z,"WeatherStation","36FB8F6A","571DF62348D427A0",30,964.35693359375,44.799999237060547,5.1999998092651367,2,"CWF-MX-001"
2019-11-25T00:00:00.0000000,2019-11-25T10:26:41.0509223Z,0,2019-11-25T10:26:40.9420000Z,"WeatherStation","36FB8F6A","48EEBA3A4F08E005",30.100000381469727,964.33154296875,45,5.1999998092651367,2,"CWF-MX-001"
2019-11-25T00:00:00.0000000,2019-11-25T10:26:46.3232073Z,0,2019-11-25T10:26:46.2400000Z,"WeatherStation","36FB8F6A","6873ED3C223B614F",30.100000381469727,964.329833984375,44.799999237060547,5.1999998092651367,3,"CWF-MX-001"
2019-11-25T00:00:00.0000000,2019-11-25T10:26:51.5894172Z,0,2019-11-25T10:26:51.5430000Z,"WeatherStation","36FB8F6A","CD8F60097FAA7530",30.100000381469727,964.345947265625,44.700000762939453,5.1999998092651367,4,"CWF-MX-001"
2019-11-25T00:00:00.0000000,2019-11-25T10:26:56.9565432Z,0,2019-11-25T10:26:56.8580000Z,"WeatherStation","36FB8F6A","CD8F60097FAA7530",30.100000381469727,964.3525390625,45,5.1999998092651367,4,"CWF-MX-001"
2019-11-25T00:00:00.0000000,2019-11-25T10:27:02.2227023Z,0,2019-11-25T10:27:02.0930000Z,"WeatherStation","36FB8F6A","6873ED3C223B614F",30.100000381469727,964.313720703125,45,5.1999998092651367,3,"CWF-MX-001"
2019-11-25T00:00:00.0000000,2019-11-25T10:27:07.3918756Z,0,2019-11-25T10:27:07.3300000Z,"WeatherStation","36FB8F6A","6873ED3C223B614F",30.100000381469727,964.363525390625,44.799999237060547,5.1999998092651367,3,"CWF-MX-001"
2019-11-25T00:00:00.0000000,2019-11-25T10:27:12.6539145Z,0,2019-11-25T10:27:12.5810000Z,"WeatherStation","36FB8F6A","6873ED3C223B614F",30.100000381469727,964.331787109375,45.099998474121094,5.1999998092651367,3,"CWF-MX-001"
2019-11-25T00:00:00.0000000,2019-11-25T10:27:17.9179551Z,0,2019-11-25T10:27:17.8150000Z,"WeatherStation","36FB8F6A","48EEBA3A4F08E005",30.100000381469727,964.36279296875,45.099998474121094,5.1999998092651367,2,"CWF-MX-001"
2019-11-25T00:00:00.0000000,2019-11-25T10:27:23.0821716Z,0,2019-11-25T10:27:23.0510000Z,"WeatherStation","36FB8F6A","627210A7C8EBF56E",30.100000381469727,964.321044921875,45,5.1999998092651367,1,"CWF-MX-001"
2019-11-25T00:00:00.0000000,2019-11-25T10:27:28.3515215Z,0,2019-11-25T10:27:28.3020000Z,"WeatherStation","36FB8F6A","CD8F60097FAA7530",30.100000381469727,964.311767578125,45.400001525878906,5.1999998092651367,4,"CWF-MX-001"
2019-11-25T00:00:00.0000000,2019-11-25T10:27:33.6175893Z,0,2019-11-25T10:27:33.5400000Z,"WeatherStation","36FB8F6A","CD8F60097FAA7530",30.100000381469727,964.3271484375,45.099998474121094,5.1999998092651367,4,"CWF-MX-001"
2019-11-25T00:00:00.0000000,2019-11-25T10:27:38.8846740Z,0,2019-11-25T10:27:38.8220000Z,"WeatherStation","36FB8F6A","48EEBA3A4F08E005",30.100000381469727,964.28662109375,44.799999237060547,5.1999998092651367,2,"CWF-MX-001"
2019-11-25T00:00:00.0000000,2019-11-25T10:27:44.2500097Z,0,2019-11-25T10:27:44.1220000Z,"WeatherStation","36FB8F6A","FF190341A080E4F4",30,964.301513671875,44.799999237060547,5.1999998092651367,3,"CWF-MX-001"
2019-11-25T00:00:00.0000000,2019-11-25T10:27:49.4138771Z,0,2019-11-25T10:27:49.3730000Z,"WeatherStation","36FB8F6A","CD8F60097FAA7530",30.100000381469727,964.3642578125,44.700000762939453,5.1999998092651367,4,"CWF-MX-001"
2019-11-25T00:00:00.0000000,2019-11-25T10:27:54.6739328Z,0,2019-11-25T10:27:54.6260000Z,"WeatherStation","36FB8F6A","48EEBA3A4F08E005",30.100000381469727,964.28076171875,44.5,5.1999998092651367,2,"CWF-MX-001"
2019-11-25T00:00:00.0000000,2019-11-25T10:27:59.9407190Z,0,2019-11-25T10:27:59.8460000Z,"WeatherStation","36FB8F6A","2C9F52A007D012BF",30.100000381469727,964.26123046875,44.400001525878906,5.1999998092651367,5,"CWF-MX-001"
2019-11-25T00:00:00.0000000,2019-11-25T10:28:05.2102253Z,0,2019-11-25T10:28:05.0970000Z,"WeatherStation","36FB8F6A","CD8F60097FAA7530",30.100000381469727,964.350341796875,44.400001525878906,5.1999998092651367,4,"CWF-MX-001"
2019-11-25T00:00:00.0000000,2019-11-25T10:28:10.4776568Z,0,2019-11-25T10:28:10.3320000Z,"WeatherStation","36FB8F6A","2C9F52A007D012BF",30.100000381469727,964.292724609375,44.400001525878906,5.1999998092651367,5,"CWF-MX-001"
2019-11-25T00:00:00.0000000,2019-11-25T10:28:15.6457427Z,0,2019-11-25T10:28:15.5850000Z,"WeatherStation","36FB8F6A","CD8F60097FAA7530",30.100000381469727,964.296142578125,44.200000762939453,5.1999998092651367,4,"CWF-MX-001"
2019-11-25T00:00:00.0000000,2019-11-25T10:28:20.9110262Z,0,2019-11-25T10:28:20.8200000Z,"WeatherStation","36FB8F6A","BFDDF2C21C1D086A",30.200000762939453,964.310791015625,44.200000762939453,5.1999998092651367,4,"CWF-MX-001"
2019-11-25T00:00:00.0000000,2019-11-25T10:28:26.1895115Z,0,2019-11-25T10:28:26.0560000Z,"WeatherStation","36FB8F6A","627210A7C8EBF56E",30.100000381469727,964.30712890625,44.099998474121094,5.1999998092651367,1,"CWF-MX-001"
2019-11-25T00:00:00.0000000,2019-11-25T10:28:31.3550372Z,0,2019-11-25T10:28:31.3060000Z,"WeatherStation","36FB8F6A","CD8F60097FAA7530",30.100000381469727,964.34423828125,44.099998474121094,5.1999998092651367,4,"CWF-MX-001"
2019-11-25T00:00:00.0000000,2019-11-25T10:28:36.6233608Z,0,2019-11-25T10:28:36.5580000Z,"WeatherStation","36FB8F6A","4D488BDF261C9498",30.100000381469727,964.328125,44.200000762939453,5.1999998092651367,6,"CWF-MX-001"
2019-11-25T00:00:00.0000000,2019-11-25T10:28:41.8880633Z,0,2019-11-25T10:28:41.7920000Z,"WeatherStation","36FB8F6A","2C9F52A007D012BF",30.100000381469727,964.282470703125,44.099998474121094,5.1999998092651367,5,"CWF-MX-001"
2019-11-25T00:00:00.0000000,2019-11-25T10:28:47.1575528Z,0,2019-11-25T10:28:47.0300000Z,"WeatherStation","36FB8F6A","019B1CA3A34EDE78",30.100000381469727,964.26953125,44.400001525878906,5.1999998092651367,7,"CWF-MX-001"
2019-11-25T00:00:00.0000000,2019-11-25T10:28:52.5263746Z,0,2019-11-25T10:28:52.4540000Z,"WeatherStation","36FB8F6A","019B1CA3A34EDE78",30.100000381469727,964.27197265625,44.299999237060547,5.1999998092651367,7,"CWF-MX-001"
2019-11-25T00:00:00.0000000,2019-11-25T10:28:57.7963392Z,0,2019-11-25T10:28:57.7210000Z,"WeatherStation","36FB8F6A","019B1CA3A34EDE78",30.100000381469727,964.276611328125,44.299999237060547,5.1999998092651367,7,"CWF-MX-001"
2019-11-25T00:00:00.0000000,2019-11-25T10:29:03.0600352Z,0,2019-11-25T10:29:02.9610000Z,"WeatherStation","36FB8F6A","4D488BDF261C9498",30.100000381469727,964.326904296875,44.299999237060547,5.1999998092651367,6,"CWF-MX-001"
2019-11-25T00:00:00.0000000,2019-11-25T10:29:08.2295270Z,0,2019-11-25T10:29:08.1980000Z,"WeatherStation","36FB8F6A","C171E6C22FD55825",30.100000381469727,964.2763671875,44.200000762939453,5.1999998092651367,9,"CWF-MX-001"
2019-11-25T00:00:00.0000000,2019-11-25T10:29:13.4985299Z,0,2019-11-25T10:29:13.4490000Z,"WeatherStation","36FB8F6A","E5161B5DAD47224F",30.100000381469727,964.315673828125,44.200000762939453,5.1999998092651367,8,"CWF-MX-001"
2019-11-25T00:00:00.0000000,2019-11-25T10:29:18.7595454Z,0,2019-11-25T10:29:18.6850000Z,"WeatherStation","36FB8F6A","E5161B5DAD47224F",30.100000381469727,964.2744140625,44.299999237060547,5.1999998092651367,8,"CWF-MX-001"
2019-11-25T00:00:00.0000000,2019-11-25T10:29:24.0239068Z,0,2019-11-25T10:29:23.9200000Z,"WeatherStation","36FB8F6A","E5161B5DAD47224F",30.100000381469727,964.309326171875,44.200000762939453,5.1999998092651367,8,"CWF-MX-001"
2019-11-25T00:00:00.0000000,2019-11-25T10:29:29.2944872Z,0,2019-11-25T10:29:29.1700000Z,"WeatherStation","36FB8F6A","467EE50F3D79D231",30,964.301513671875,44.099998474121094,5.1999998092651367,7,"CWF-MX-001"
2019-11-25T00:00:00.0000000,2019-11-25T10:29:34.4642028Z,0,2019-11-25T10:29:34.4060000Z,"WeatherStation","36FB8F6A","5D6A1231649515E2",30,964.3271484375,44.200000762939453,5.1999998092651367,13,"CWF-MX-001"
2019-11-25T00:00:00.0000000,2019-11-25T10:29:39.7254137Z,0,2019-11-25T10:29:39.6560000Z,"WeatherStation","36FB8F6A","40B1F25E3D421225",30,964.26318359375,44.200000762939453,5.1999998092651367,12,"CWF-MX-001"
2019-11-25T00:00:00.0000000,2019-11-25T10:29:44.9917359Z,0,2019-11-25T10:29:44.8920000Z,"WeatherStation","36FB8F6A","0BC2452D7731E402",30.100000381469727,964.31494140625,44.099998474121094,5.1999998092651367,12,"CWF-MX-001"
2019-11-25T00:00:00.0000000,2019-11-25T10:29:50.1586163Z,0,2019-11-25T10:29:50.1300000Z,"WeatherStation","36FB8F6A","17A35B3B1657B81A",30,964.32666015625,44.099998474121094,5.1999998092651367,14,"CWF-MX-001"
2019-11-25T00:00:00.0000000,2019-11-25T10:29:55.4251482Z,0,2019-11-25T10:29:55.3830000Z,"WeatherStation","36FB8F6A","17A35B3B1657B81A",30,964.311767578125,44.099998474121094,5.1999998092651367,14,"CWF-MX-001"
2019-11-25T00:00:00.0000000,2019-11-25T10:30:00.6908410Z,0,2019-11-25T10:30:00.6180000Z,"WeatherStation","36FB8F6A","17A35B3B1657B81A",30,964.32568359375,43.900001525878906,5.1999998092651367,14,"CWF-MX-001"
2019-11-25T00:00:00.0000000,2019-11-25T10:30:05.9605462Z,0,2019-11-25T10:30:05.8530000Z,"WeatherStation","36FB8F6A","E6E1802AF087092F",30,964.284423828125,44.200000762939453,5.1999998092651367,347,"CWF-MX-001"
2019-11-25T00:00:00.0000000,2019-11-25T10:30:11.2267462Z,0,2019-11-25T10:30:11.1060000Z,"WeatherStation","36FB8F6A","0764B87F21EAF761",30,964.3173828125,44.200000762939453,5.1999998092651367,346,"CWF-MX-001"
2019-11-25T00:00:00.0000000,2019-11-25T10:30:16.3997738Z,0,2019-11-25T10:30:16.3430000Z,"WeatherStation","36FB8F6A","2698CBAA0ACE4954",30,964.267822265625,44.299999237060547,5.1999998092651367,348,"CWF-MX-001"
2019-11-25T00:00:00.0000000,2019-11-25T10:30:21.6667204Z,0,2019-11-25T10:30:21.5780000Z,"WeatherStation","36FB8F6A","E6E1802AF087092F",30,964.307861328125,44.099998474121094,5.1999998092651367,347,"CWF-MX-001"
2019-11-25T00:00:00.0000000,2019-11-25T10:30:26.9333338Z,0,2019-11-25T10:30:26.8320000Z,"WeatherStation","36FB8F6A","0334A058E1337E11",30.100000381469727,964.291748046875,44,5.1999998092651367,346,"CWF-MX-001"
2019-11-25T00:00:00.0000000,2019-11-25T10:30:32.0994097Z,0,2019-11-25T10:30:32.0700000Z,"WeatherStation","36FB8F6A","C9711EB9B42203C3",30.100000381469727,964.270263671875,44.099998474121094,5.1999998092651367,348,"CWF-MX-001"
2019-11-25T00:00:00.0000000,2019-11-25T10:30:37.3736302Z,0,2019-11-25T10:30:37.3080000Z,"WeatherStation","36FB8F6A","0334A058E1337E11",30.100000381469727,964.257080078125,43.900001525878906,5.1999998092651367,346,"CWF-MX-001"
2019-11-25T00:00:00.0000000,2019-11-25T10:30:42.6384151Z,0,2019-11-25T10:30:42.5580000Z,"WeatherStation","36FB8F6A","98DE05A244580D46",30.100000381469727,964.301513671875,44.099998474121094,5.1999998092651367,347,"CWF-MX-001"
2019-11-25T00:00:00.0000000,2019-11-25T10:30:47.8991676Z,0,2019-11-25T10:30:47.7940000Z,"WeatherStation","36FB8F6A","98DE05A244580D46",30.100000381469727,964.264404296875,44,5.1999998092651367,347,"CWF-MX-001"
2019-11-25T00:00:00.0000000,2019-11-25T10:30:53.1657400Z,0,2019-11-25T10:30:53.0290000Z,"WeatherStation","36FB8F6A","C9711EB9B42203C3",30.100000381469727,964.296142578125,43.900001525878906,5.1999998092651367,348,"CWF-MX-001"
2019-11-25T00:00:00.0000000,2019-11-25T10:30:58.3370870Z,0,2019-11-25T10:30:58.2970000Z,"WeatherStation","36FB8F6A","C9711EB9B42203C3",30.100000381469727,964.27783203125,44,5.1999998092651367,348,"CWF-MX-001"
2019-11-25T00:00:00.0000000,2019-11-25T10:31:03.6011117Z,0,2019-11-25T10:31:03.5160000Z,"WeatherStation","36FB8F6A","98DE05A244580D46",30.100000381469727,964.2958984375,43.900001525878906,5.1999998092651367,347,"CWF-MX-001"
2019-11-25T00:00:00.0000000,2019-11-25T10:31:08.8668819Z,0,2019-11-25T10:31:08.7670000Z,"WeatherStation","36FB8F6A","98DE05A244580D46",30.100000381469727,964.291259765625,44.099998474121094,5.1999998092651367,347,"CWF-MX-001"
2019-11-25T00:00:00.0000000,2019-11-25T10:31:14.0309083Z,0,2019-11-25T10:31:14.0080000Z,"WeatherStation","36FB8F6A","7F9CC7DBC4289273",30.100000381469727,964.33740234375,44.299999237060547,5.1999998092651367,349,"CWF-MX-001"
2019-11-25T00:00:00.0000000,2019-11-25T10:31:19.3018153Z,0,2019-11-25T10:31:19.2440000Z,"WeatherStation","36FB8F6A","C9711EB9B42203C3",30.100000381469727,964.34521484375,44.299999237060547,5.1999998092651367,348,"CWF-MX-001"
2019-11-25T00:00:00.0000000,2019-11-25T10:31:24.5632503Z,0,2019-11-25T10:31:24.4950000Z,"WeatherStation","36FB8F6A","98DE05A244580D46",30.100000381469727,964.302734375,44.400001525878906,5.1999998092651367,347,"CWF-MX-001"
2019-11-25T00:00:00.0000000,2019-11-25T10:31:29.8324861Z,0,2019-11-25T10:31:29.7330000Z,"WeatherStation","36FB8F6A","C9711EB9B42203C3",30.100000381469727,964.26513671875,44.299999237060547,5.1999998092651367,348,"CWF-MX-001"
2019-11-25T00:00:00.0000000,2019-11-25T10:31:35.1020469Z,0,2019-11-25T10:31:34.9680000Z,"WeatherStation","36FB8F6A","EAEBCC960AC7B8A5",30.200000762939453,964.2841796875,44.200000762939453,5.1999998092651367,348,"CWF-MX-001"
2019-11-25T00:00:00.0000000,2019-11-25T10:31:40.2671813Z,0,2019-11-25T10:31:40.2200000Z,"WeatherStation","36FB8F6A","EAEBCC960AC7B8A5",30.200000762939453,964.28515625,44.299999237060547,5.1999998092651367,348,"CWF-MX-001"
2019-11-25T00:00:00.0000000,2019-11-25T10:31:45.5351481Z,0,2019-11-25T10:31:45.4580000Z,"WeatherStation","36FB8F6A","EAEBCC960AC7B8A5",30.200000762939453,964.311767578125,44.299999237060547,5.1999998092651367,348,"CWF-MX-001"
2019-11-25T00:00:00.0000000,2019-11-25T10:31:50.8027590Z,0,2019-11-25T10:31:50.6950000Z,"WeatherStation","36FB8F6A","EB44811D4E78B451",30.200000762939453,964.29833984375,44.099998474121094,5.1999998092651367,347,"CWF-MX-001"
2019-11-25T00:00:00.0000000,2019-11-25T10:31:56.0712653Z,0,2019-11-25T10:31:55.9480000Z,"WeatherStation","36FB8F6A","EB44811D4E78B451",30.200000762939453,964.31640625,44.299999237060547,5.1999998092651367,347,"CWF-MX-001"
2019-11-25T00:00:00.0000000,2019-11-25T10:32:01.2312959Z,0,2019-11-25T10:32:01.1840000Z,"WeatherStation","36FB8F6A","EAEBCC960AC7B8A5",30.200000762939453,964.312744140625,44.200000762939453,5.1999998092651367,348,"CWF-MX-001"
2019-11-25T00:00:00.0000000,2019-11-25T10:32:06.6002580Z,0,2019-11-25T10:32:06.5270000Z,"WeatherStation","36FB8F6A","EB44811D4E78B451",30.200000762939453,964.33984375,44,5.1999998092651367,347,"CWF-MX-001"
2019-11-25T00:00:00.0000000,2019-11-25T10:32:11.8749028Z,0,2019-11-25T10:32:11.7620000Z,"WeatherStation","36FB8F6A","EB44811D4E78B451",30.200000762939453,964.2802734375,44.200000762939453,5.1999998092651367,347,"CWF-MX-001"
2019-11-25T00:00:00.0000000,2019-11-25T10:32:17.1411342Z,0,2019-11-25T10:32:17.0130000Z,"WeatherStation","36FB8F6A","8F236D025A9539D7",30.200000762939453,964.336669921875,44.299999237060547,5.1999998092651367,346,"CWF-MX-001"
2019-11-25T00:00:00.0000000,2019-11-25T10:32:22.3034944Z,0,2019-11-25T10:32:22.2800000Z,"WeatherStation","36FB8F6A","EB44811D4E78B451",30.200000762939453,964.29296875,44,5.1999998092651367,347,"CWF-MX-001"
2019-11-25T00:00:00.0000000,2019-11-25T10:32:27.5780012Z,0,2019-11-25T10:32:27.5000000Z,"WeatherStation","36FB8F6A","C861BDE2FED3231E",30.200000762939453,964.320068359375,44,5.1999998092651367,342,"CWF-MX-001"
2019-11-25T00:00:00.0000000,2019-11-25T10:32:32.8459733Z,0,2019-11-25T10:32:32.7370000Z,"WeatherStation","36FB8F6A","2469E31EE0BE7137",30.200000762939453,964.308349609375,43.900001525878906,5.1999998092651367,339,"CWF-MX-001"
2019-11-25T00:00:00.0000000,2019-11-25T10:32:38.0129227Z,0,2019-11-25T10:32:37.9740000Z,"WeatherStation","36FB8F6A","BE2AC8D0EBE9F7DC",30.200000762939453,964.275634765625,44.099998474121094,5.1999998092651367,341,"CWF-MX-001"
2019-11-25T00:00:00.0000000,2019-11-25T10:32:43.2741936Z,0,2019-11-25T10:32:43.2270000Z,"WeatherStation","36FB8F6A","B52770DADE368A9A",30.200000762939453,964.313232421875,44,5.1999998092651367,340,"CWF-MX-001"
2019-11-25T00:00:00.0000000,2019-11-25T10:32:48.5358323Z,0,2019-11-25T10:32:48.4780000Z,"WeatherStation","36FB8F6A","BE2AC8D0EBE9F7DC",30.200000762939453,964.31640625,44.099998474121094,5.1999998092651367,341,"CWF-MX-001"
2019-11-25T00:00:00.0000000,2019-11-25T10:32:53.8028729Z,0,2019-11-25T10:32:53.7140000Z,"WeatherStation","36FB8F6A","C861BDE2FED3231E",30.200000762939453,964.309814453125,44.200000762939453,5.1999998092651367,342,"CWF-MX-001"
2019-11-25T00:00:00.0000000,2019-11-25T10:32:59.0669137Z,0,2019-11-25T10:32:58.9490000Z,"WeatherStation","36FB8F6A","C861BDE2FED3231E",30.200000762939453,964.33740234375,43.799999237060547,5.1999998092651367,342,"CWF-MX-001"
2019-11-25T00:00:00.0000000,2019-11-25T10:33:04.2393115Z,0,2019-11-25T10:33:04.1880000Z,"WeatherStation","36FB8F6A","BE2AC8D0EBE9F7DC",30.200000762939453,964.307373046875,44,5.1999998092651367,341,"CWF-MX-001"
2019-11-25T00:00:00.0000000,2019-11-25T10:33:09.5122142Z,0,2019-11-25T10:33:09.4230000Z,"WeatherStation","36FB8F6A","BE2AC8D0EBE9F7DC",30.200000762939453,964.271240234375,44,5.1999998092651367,341,"CWF-MX-001"
2019-11-25T00:00:00.0000000,2019-11-25T10:33:14.7788350Z,0,2019-11-25T10:33:14.6910000Z,"WeatherStation","36FB8F6A","C861BDE2FED3231E",30.200000762939453,964.273681640625,44.099998474121094,5.1999998092651367,342,"CWF-MX-001"
2019-11-25T00:00:00.0000000,2019-11-25T10:33:20.0405044Z,0,2019-11-25T10:33:19.9120000Z,"WeatherStation","36FB8F6A","BE2AC8D0EBE9F7DC",30.200000762939453,964.260009765625,44,5.1999998092651367,341,"CWF-MX-001"
2019-11-25T00:00:00.0000000,2019-11-25T10:33:25.2017215Z,0,2019-11-25T10:33:25.1630000Z,"WeatherStation","36FB8F6A","C861BDE2FED3231E",30.200000762939453,964.3056640625,44,5.1999998092651367,342,"CWF-MX-001"
2019-11-25T00:00:00.0000000,2019-11-25T10:33:30.4677502Z,0,2019-11-25T10:33:30.4000000Z,"WeatherStation","36FB8F6A","B52770DADE368A9A",30.200000762939453,964.303466796875,44.099998474121094,5.1999998092651367,340,"CWF-MX-001"
2019-11-25T00:00:00.0000000,2019-11-25T10:33:35.7346719Z,0,2019-11-25T10:33:35.6350000Z,"WeatherStation","36FB8F6A","BE2AC8D0EBE9F7DC",30.200000762939453,964.3037109375,44.099998474121094,5.1999998092651367,341,"CWF-MX-001"
2019-11-25T00:00:00.0000000,2019-11-25T10:33:40.9967004Z,0,2019-11-25T10:33:40.8880000Z,"WeatherStation","36FB8F6A","B52770DADE368A9A",30.200000762939453,964.302490234375,44.400001525878906,5.1999998092651367,340,"CWF-MX-001"
2019-11-25T00:00:00.0000000,2019-11-25T10:33:46.1631472Z,0,2019-11-25T10:33:46.1260000Z,"WeatherStation","36FB8F6A","4849A1E60819924A",30.299999237060547,964.25244140625,44.299999237060547,5.1999998092651367,341,"CWF-MX-001"
2019-11-25T00:00:00.0000000,2019-11-25T10:33:51.4305110Z,0,2019-11-25T10:33:51.3780000Z,"WeatherStation","36FB8F6A","BE2AC8D0EBE9F7DC",30.200000762939453,964.284423828125,44.299999237060547,5.1999998092651367,341,"CWF-MX-001"
2019-11-25T00:00:00.0000000,2019-11-25T10:33:56.6947259Z,0,2019-11-25T10:33:56.6300000Z,"WeatherStation","36FB8F6A","BE2AC8D0EBE9F7DC",30.200000762939453,964.277099609375,44.099998474121094,5.1999998092651367,341,"CWF-MX-001"
2019-11-25T00:00:00.0000000,2019-11-25T10:34:01.9576398Z,0,2019-11-25T10:34:01.8500000Z,"WeatherStation","36FB8F6A","C861BDE2FED3231E",30.200000762939453,964.28955078125,44,5.1999998092651367,342,"CWF-MX-001"
2019-11-25T00:00:00.0000000,2019-11-25T10:34:07.1220965Z,0,2019-11-25T10:34:07.1010000Z,"WeatherStation","36FB8F6A","E53A1F9BA88C275D",30.299999237060547,964.268310546875,43.900001525878906,5.1999998092651367,344,"CWF-MX-001"
2019-11-25T00:00:00.0000000,2019-11-25T10:34:12.3881924Z,0,2019-11-25T10:34:12.3360000Z,"WeatherStation","36FB8F6A","E53A1F9BA88C275D",30.299999237060547,964.271240234375,44.099998474121094,5.1999998092651367,344,"CWF-MX-001"
2019-11-25T00:00:00.0000000,2019-11-25T10:34:17.6539419Z,0,2019-11-25T10:34:17.5880000Z,"WeatherStation","36FB8F6A","DF87662E7366D397",30.200000762939453,964.259033203125,44.200000762939453,5.1999998092651367,343,"CWF-MX-001"
2019-11-25T00:00:00.0000000,2019-11-25T10:34:22.9197922Z,0,2019-11-25T10:34:22.8240000Z,"WeatherStation","36FB8F6A","DF87662E7366D397",30.200000762939453,964.22412109375,44.200000762939453,5.1999998092651367,343,"CWF-MX-001"
2019-11-25T00:00:00.0000000,2019-11-25T10:34:28.1836292Z,0,2019-11-25T10:34:28.0620000Z,"WeatherStation","36FB8F6A","E53A1F9BA88C275D",30.299999237060547,964.3076171875,44.299999237060547,5.1999998092651367,344,"CWF-MX-001"
2019-11-25T00:00:00.0000000,2019-11-25T10:34:33.3472341Z,0,2019-11-25T10:34:33.2980000Z,"WeatherStation","36FB8F6A","E53A1F9BA88C275D",30.299999237060547,964.297119140625,44.400001525878906,5.1999998092651367,344,"CWF-MX-001"
2019-11-25T00:00:00.0000000,2019-11-25T10:34:38.6142424Z,0,2019-11-25T10:34:38.5500000Z,"WeatherStation","36FB8F6A","E53A1F9BA88C275D",30.299999237060547,964.242431640625,44.799999237060547,5.1999998092651367,344,"CWF-MX-001"
2019-11-25T00:00:00.0000000,2019-11-25T10:34:43.9788321Z,0,2019-11-25T10:34:43.8790000Z,"WeatherStation","36FB8F6A","E20001E7CF335754",30.299999237060547,964.2587890625,44.799999237060547,5.1999998092651367,345,"CWF-MX-001"
2019-11-25T00:00:00.0000000,2019-11-25T10:34:49.2492923Z,0,2019-11-25T10:34:49.1310000Z,"WeatherStation","36FB8F6A","608DB976657BD647",30.299999237060547,964.18896484375,44.799999237060547,5.1999998092651367,343,"CWF-MX-001"
2019-11-25T00:00:00.0000000,2019-11-25T10:34:54.5124080Z,0,2019-11-25T10:34:54.3830000Z,"WeatherStation","36FB8F6A","608DB976657BD647",30.299999237060547,964.2490234375,44.900001525878906,5.1999998092651367,343,"CWF-MX-001"
2019-11-25T00:00:00.0000000,2019-11-25T10:34:59.6802322Z,0,2019-11-25T10:34:59.6180000Z,"WeatherStation","36FB8F6A","E53A1F9BA88C275D",30.299999237060547,964.251708984375,44.900001525878906,5.1999998092651367,344,"CWF-MX-001"
2019-11-25T00:00:00.0000000,2019-11-25T10:35:04.9446750Z,0,2019-11-25T10:35:04.8700000Z,"WeatherStation","36FB8F6A","E53A1F9BA88C275D",30.299999237060547,964.281982421875,45.200000762939453,5.1999998092651367,344,"CWF-MX-001"
2019-11-25T00:00:00.0000000,2019-11-25T10:35:10.4098041Z,0,2019-11-25T10:35:10.2940000Z,"WeatherStation","36FB8F6A","E53A1F9BA88C275D",30.299999237060547,964.28955078125,44.799999237060547,5.1999998092651367,344,"CWF-MX-001"
2019-11-25T00:00:00.0000000,2019-11-25T10:35:15.5750688Z,0,2019-11-25T10:35:15.5450000Z,"WeatherStation","36FB8F6A","608DB976657BD647",30.299999237060547,964.170654296875,44.700000762939453,5.1999998092651367,343,"CWF-MX-001"
2019-11-25T00:00:00.0000000,2019-11-25T10:35:20.8392450Z,0,2019-11-25T10:35:20.7950000Z,"WeatherStation","36FB8F6A","E53A1F9BA88C275D",30.299999237060547,964.250244140625,44.900001525878906,5.1999998092651367,344,"CWF-MX-001"
2019-11-25T00:00:00.0000000,2019-11-25T10:35:26.1043846Z,0,2019-11-25T10:35:26.0460000Z,"WeatherStation","36FB8F6A","608DB976657BD647",30.299999237060547,964.238037109375,45.099998474121094,5.1999998092651367,343,"CWF-MX-001"
2019-11-25T00:00:00.0000000,2019-11-25T10:35:31.3706088Z,0,2019-11-25T10:35:31.2650000Z,"WeatherStation","36FB8F6A","E20001E7CF335754",30.299999237060547,964.23828125,45.099998474121094,5.1999998092651367,345,"CWF-MX-001"
2019-11-25T00:00:00.0000000,2019-11-25T10:35:36.6342587Z,0,2019-11-25T10:35:36.5190000Z,"WeatherStation","36FB8F6A","608DB976657BD647",30.299999237060547,964.23046875,45.200000762939453,5.1999998092651367,343,"CWF-MX-001"
2019-11-25T00:00:00.0000000,2019-11-25T10:35:41.7932939Z,0,2019-11-25T10:35:41.7570000Z,"WeatherStation","36FB8F6A","E53A1F9BA88C275D",30.299999237060547,964.24462890625,45.200000762939453,5.1999998092651367,344,"CWF-MX-001"
2019-11-25T00:00:00.0000000,2019-11-25T10:35:47.2636812Z,0,2019-11-25T10:35:47.1490000Z,"WeatherStation","36FB8F6A","E53A1F9BA88C275D",30.299999237060547,964.254638671875,45,5.1999998092651367,344,"CWF-MX-001"
2019-11-25T00:00:00.0000000,2019-11-25T10:35:52.5334870Z,0,2019-11-25T10:35:52.4490000Z,"WeatherStation","36FB8F6A","E20001E7CF335754",30.299999237060547,964.22705078125,45,5.1999998092651367,345,"CWF-MX-001"
2019-11-25T00:00:00.0000000,2019-11-25T10:35:57.8009443Z,0,2019-11-25T10:35:57.7010000Z,"WeatherStation","36FB8F6A","E53A1F9BA88C275D",30.299999237060547,964.268310546875,45.099998474121094,5.1999998092651367,344,"CWF-MX-001"
2019-11-25T00:00:00.0000000,2019-11-25T10:36:03.0628008Z,0,2019-11-25T10:36:03.0300000Z,"WeatherStation","36FB8F6A","E53A1F9BA88C275D",30.299999237060547,964.227294921875,45.200000762939453,5.1999998092651367,344,"CWF-MX-001"
2019-11-25T00:00:00.0000000,2019-11-25T10:36:08.3324632Z,0,2019-11-25T10:36:08.2660000Z,"WeatherStation","36FB8F6A","608DB976657BD647",30.299999237060547,964.251953125,45,5.1999998092651367,343,"CWF-MX-001"
2019-11-25T00:00:00.0000000,2019-11-25T10:36:13.6005642Z,0,2019-11-25T10:36:13.5330000Z,"WeatherStation","36FB8F6A","E53A1F9BA88C275D",30.299999237060547,964.261474609375,45.099998474121094,5.1999998092651367,344,"CWF-MX-001"
2019-11-25T00:00:00.0000000,2019-11-25T10:36:18.8696083Z,0,2019-11-25T10:36:18.7530000Z,"WeatherStation","36FB8F6A","608DB976657BD647",30.299999237060547,964.208984375,45.299999237060547,5.1999998092651367,343,"CWF-MX-001"
2019-11-25T00:00:00.0000000,2019-11-25T10:36:24.0377268Z,0,2019-11-25T10:36:23.9870000Z,"WeatherStation","36FB8F6A","608DB976657BD647",30.299999237060547,964.241455078125,45.5,5.1999998092651367,343,"CWF-MX-001"
2019-11-25T00:00:00.0000000,2019-11-25T10:36:29.3022178Z,0,2019-11-25T10:36:29.2390000Z,"WeatherStation","36FB8F6A","608DB976657BD647",30.299999237060547,964.206787109375,45.700000762939453,5.1999998092651367,343,"CWF-MX-001"
2019-11-25T00:00:00.0000000,2019-11-25T10:36:34.5689742Z,0,2019-11-25T10:36:34.5050000Z,"WeatherStation","36FB8F6A","06EFCE316D4054FC",30.399999618530273,964.227783203125,45.599998474121094,5.1999998092651367,345,"CWF-MX-001"
2019-11-25T00:00:00.0000000,2019-11-25T10:36:39.8370553Z,0,2019-11-25T10:36:39.7250000Z,"WeatherStation","36FB8F6A","608DB976657BD647",30.299999237060547,964.199462890625,45.400001525878906,5.1999998092651367,343,"CWF-MX-001"
2019-11-25T00:00:00.0000000,2019-11-25T10:36:45.0043539Z,0,2019-11-25T10:36:44.9770000Z,"WeatherStation","36FB8F6A","B5DB728A53BEFB92",30.399999618530273,964.219970703125,45.400001525878906,5.1999998092651367,343,"CWF-MX-001"
2019-11-25T00:00:00.0000000,2019-11-25T10:36:50.3703661Z,0,2019-11-25T10:36:50.2750000Z,"WeatherStation","36FB8F6A","E53A1F9BA88C275D",30.299999237060547,964.22509765625,45.099998474121094,5.1999998092651367,344,"CWF-MX-001"
2019-11-25T00:00:00.0000000,2019-11-25T10:36:55.6338254Z,0,2019-11-25T10:36:55.5580000Z,"WeatherStation","36FB8F6A","8BD7E2F22F29FFFF",30.299999237060547,964.244140625,44.900001525878906,5.1999998092651367,346,"CWF-MX-001"
2019-11-25T00:00:00.0000000,2019-11-25T10:37:00.9025060Z,0,2019-11-25T10:37:00.7930000Z,"WeatherStation","36FB8F6A","06EFCE316D4054FC",30.399999618530273,964.202880859375,45,5.1999998092651367,345,"CWF-MX-001"
2019-11-25T00:00:00.0000000,2019-11-25T10:37:06.5730448Z,0,2019-11-25T10:37:06.4510000Z,"WeatherStation","36FB8F6A","5FBEAB1883759ED3",30.399999618530273,964.265380859375,44.900001525878906,5.1999998092651367,344,"CWF-MX-001"
2019-11-25T00:00:00.0000000,2019-11-25T10:37:11.7398255Z,0,2019-11-25T10:37:11.6730000Z,"WeatherStation","36FB8F6A","06EFCE316D4054FC",30.399999618530273,964.220947265625,44.700000762939453,5.1999998092651367,345,"CWF-MX-001"
2019-11-25T00:00:00.0000000,2019-11-25T10:37:17.0028612Z,0,2019-11-25T10:37:16.9230000Z,"WeatherStation","36FB8F6A","B5DB728A53BEFB92",30.399999618530273,964.187744140625,44.599998474121094,5.1999998092651367,343,"CWF-MX-001"
2019-11-25T00:00:00.0000000,2019-11-25T10:37:22.2699538Z,0,2019-11-25T10:37:22.1600000Z,"WeatherStation","36FB8F6A","5FBEAB1883759ED3",30.399999618530273,964.18505859375,44.400001525878906,5.1999998092651367,344,"CWF-MX-001"
2019-11-25T00:00:00.0000000,2019-11-25T10:37:27.5354290Z,0,2019-11-25T10:37:27.4270000Z,"WeatherStation","36FB8F6A","E53A1F9BA88C275D",30.299999237060547,964.189453125,44.299999237060547,5.1999998092651367,344,"CWF-MX-001"
2019-11-25T00:00:00.0000000,2019-11-25T10:37:33.1058628Z,0,2019-11-25T10:37:32.9750000Z,"WeatherStation","36FB8F6A","E20001E7CF335754",30.299999237060547,964.25732421875,44.299999237060547,5.1999998092651367,345,"CWF-MX-001"
2019-11-25T00:00:00.0000000,2019-11-25T10:37:38.2763348Z,0,2019-11-25T10:37:38.1960000Z,"WeatherStation","36FB8F6A","5FBEAB1883759ED3",30.399999618530273,964.259033203125,44.099998474121094,5.1999998092651367,344,"CWF-MX-001"
2019-11-25T00:00:00.0000000,2019-11-25T10:37:43.5413837Z,0,2019-11-25T10:37:43.4310000Z,"WeatherStation","36FB8F6A","608DB976657BD647",30.299999237060547,964.176513671875,43.900001525878906,5.1999998092651367,343,"CWF-MX-001"
2019-11-25T00:00:00.0000000,2019-11-25T10:37:48.8134115Z,0,2019-11-25T10:37:48.6830000Z,"WeatherStation","36FB8F6A","E53A1F9BA88C275D",30.299999237060547,964.149169921875,44.200000762939453,5.1999998092651367,344,"CWF-MX-001"
2019-11-25T00:00:00.0000000,2019-11-25T10:37:53.9815770Z,0,2019-11-25T10:37:53.9350000Z,"WeatherStation","36FB8F6A","06EFCE316D4054FC",30.399999618530273,964.180419921875,44.299999237060547,5.1999998092651367,345,"CWF-MX-001"
2019-11-25T00:00:00.0000000,2019-11-25T10:37:59.2504644Z,0,2019-11-25T10:37:59.1560000Z,"WeatherStation","36FB8F6A","5FBEAB1883759ED3",30.399999618530273,964.197509765625,44,5.1999998092651367,344,"CWF-MX-001"
2019-11-25T00:00:00.0000000,2019-11-25T10:38:04.5145437Z,0,2019-11-25T10:38:04.3930000Z,"WeatherStation","36FB8F6A","FEA3AE62B84D1B29",30.399999618530273,964.17724609375,44,5.1999998092651367,342,"CWF-MX-001"
2019-11-25T00:00:00.0000000,2019-11-25T10:38:09.6795488Z,0,2019-11-25T10:38:09.6340000Z,"WeatherStation","36FB8F6A","B5DB728A53BEFB92",30.399999618530273,964.173095703125,44.299999237060547,5.1999998092651367,343,"CWF-MX-001"
2019-11-25T00:00:00.0000000,2019-11-25T10:38:14.9517963Z,0,2019-11-25T10:38:14.8850000Z,"WeatherStation","36FB8F6A","FEA3AE62B84D1B29",30.399999618530273,964.22607421875,44.400001525878906,5.1999998092651367,342,"CWF-MX-001"
2019-11-25T00:00:00.0000000,2019-11-25T10:38:20.2193678Z,0,2019-11-25T10:38:20.1210000Z,"WeatherStation","36FB8F6A","B5DB728A53BEFB92",30.399999618530273,964.2080078125,44.5,5.1999998092651367,343,"CWF-MX-001"
2019-11-25T00:00:00.0000000,2019-11-25T10:38:25.4844583Z,0,2019-11-25T10:38:25.3720000Z,"WeatherStation","36FB8F6A","B5DB728A53BEFB92",30.399999618530273,964.2255859375,44.400001525878906,5.1999998092651367,343,"CWF-MX-001"
2019-11-25T00:00:00.0000000,2019-11-25T10:38:30.6570194Z,0,2019-11-25T10:38:30.6080000Z,"WeatherStation","36FB8F6A","FEA3AE62B84D1B29",30.399999618530273,964.158935546875,44.200000762939453,5.1999998092651367,342,"CWF-MX-001"
2019-11-25T00:00:00.0000000,2019-11-25T10:38:35.9237566Z,0,2019-11-25T10:38:35.8440000Z,"WeatherStation","36FB8F6A","83750B701453FFE4",30.5,964.150390625,44.5,5.1999998092651367,343,"CWF-MX-001"
2019-11-25T00:00:00.0000000,2019-11-25T10:38:41.1888081Z,0,2019-11-25T10:38:41.0960000Z,"WeatherStation","36FB8F6A","DA2B9FAF586A44A7",30.5,964.1943359375,44.599998474121094,5.1999998092651367,344,"CWF-MX-001"
2019-11-25T00:00:00.0000000,2019-11-25T10:38:46.4548421Z,0,2019-11-25T10:38:46.3330000Z,"WeatherStation","36FB8F6A","FEA3AE62B84D1B29",30.399999618530273,964.17724609375,44.400001525878906,5.1999998092651367,342,"CWF-MX-001"
2019-11-25T00:00:00.0000000,2019-11-25T10:38:51.6313137Z,0,2019-11-25T10:38:51.5830000Z,"WeatherStation","36FB8F6A","DA2B9FAF586A44A7",30.5,964.198486328125,44.299999237060547,5.1999998092651367,344,"CWF-MX-001"
2019-11-25T00:00:00.0000000,2019-11-25T10:38:57.0963755Z,0,2019-11-25T10:38:57.0050000Z,"WeatherStation","36FB8F6A","DA2B9FAF586A44A7",30.5,964.183349609375,44.299999237060547,5.1999998092651367,344,"CWF-MX-001"
2019-11-25T00:00:00.0000000,2019-11-25T10:39:02.5610343Z,0,2019-11-25T10:39:02.4590000Z,"WeatherStation","36FB8F6A","DA2B9FAF586A44A7",30.5,964.197265625,44.200000762939453,5.1999998092651367,344,"CWF-MX-001"
2019-11-25T00:00:00.0000000,2019-11-25T10:39:07.8245021Z,0,2019-11-25T10:39:07.7090000Z,"WeatherStation","36FB8F6A","83750B701453FFE4",30.5,964.183837890625,44.099998474121094,5.1999998092651367,343,"CWF-MX-001"
2019-11-25T00:00:00.0000000,2019-11-25T10:39:12.9915642Z,0,2019-11-25T10:39:12.9460000Z,"WeatherStation","36FB8F6A","83750B701453FFE4",30.5,964.176025390625,43.799999237060547,5.1999998092651367,343,"CWF-MX-001"
2019-11-25T00:00:00.0000000,2019-11-25T10:39:18.2592382Z,0,2019-11-25T10:39:18.1970000Z,"WeatherStation","36FB8F6A","4A44D4F3E9073598",30.5,964.204833984375,44.099998474121094,5.1999998092651367,342,"CWF-MX-001"
2019-11-25T00:00:00.0000000,2019-11-25T10:39:23.5262364Z,0,2019-11-25T10:39:23.4320000Z,"WeatherStation","36FB8F6A","4A44D4F3E9073598",30.5,964.146728515625,43.900001525878906,5.1999998092651367,342,"CWF-MX-001"
2019-11-25T00:00:00.0000000,2019-11-25T10:39:28.7943621Z,0,2019-11-25T10:39:28.6670000Z,"WeatherStation","36FB8F6A","716A65DE8651A712",30.5,964.1904296875,43.900001525878906,5.1999998092651367,339,"CWF-MX-001"
2019-11-25T00:00:00.0000000,2019-11-25T10:39:33.9618133Z,0,2019-11-25T10:39:33.9180000Z,"WeatherStation","36FB8F6A","99CE700C017F43D8",30.5,964.171875,43.900001525878906,5.1999998092651367,341,"CWF-MX-001"
2019-11-25T00:00:00.0000000,2019-11-25T10:39:39.3278978Z,0,2019-11-25T10:39:39.2190000Z,"WeatherStation","36FB8F6A","716A65DE8651A712",30.5,964.149658203125,43.900001525878906,5.1999998092651367,339,"CWF-MX-001"
2019-11-25T00:00:00.0000000,2019-11-25T10:39:44.5929031Z,0,2019-11-25T10:39:44.5010000Z,"WeatherStation","36FB8F6A","2FB41A19B17AC0E3",30.600000381469727,964.173583984375,43.900001525878906,5.1999998092651367,340,"CWF-MX-001"
2019-11-25T00:00:00.0000000,2019-11-25T10:39:49.8572181Z,0,2019-11-25T10:39:49.7370000Z,"WeatherStation","36FB8F6A","1C081E2944F5C03D",30.5,964.169189453125,43.700000762939453,5.1999998092651367,340,"CWF-MX-001"
2019-11-25T00:00:00.0000000,2019-11-25T10:39:55.0197795Z,0,2019-11-25T10:39:54.9860000Z,"WeatherStation","36FB8F6A","1C081E2944F5C03D",30.5,964.1650390625,43.700000762939453,5.1999998092651367,340,"CWF-MX-001"
2019-11-25T00:00:00.0000000,2019-11-25T10:40:00.2849275Z,0,2019-11-25T10:40:00.2230000Z,"WeatherStation","36FB8F6A","1C081E2944F5C03D",30.5,964.209228515625,43.700000762939453,5.1999998092651367,340,"CWF-MX-001"
2019-11-25T00:00:00.0000000,2019-11-25T10:40:05.5532293Z,0,2019-11-25T10:40:05.4740000Z,"WeatherStation","36FB8F6A","99CE700C017F43D8",30.5,964.15869140625,43.599998474121094,5.1999998092651367,341,"CWF-MX-001"
2019-11-25T00:00:00.0000000,2019-11-25T10:40:10.9233835Z,0,2019-11-25T10:40:10.8350000Z,"WeatherStation","36FB8F6A","716A65DE8651A712",30.5,964.189453125,43.5,5.1999998092651367,339,"CWF-MX-001"
2019-11-25T00:00:00.0000000,2019-11-25T10:40:16.1904178Z,0,2019-11-25T10:40:16.1500000Z,"WeatherStation","36FB8F6A","BEA3FBEA8353816A",30.5,964.193115234375,43.5,5.1999998092651367,337,"CWF-MX-001"
2019-11-25T00:00:00.0000000,2019-11-25T10:40:21.4557707Z,0,2019-11-25T10:40:21.4010000Z,"WeatherStation","36FB8F6A","716A65DE8651A712",30.5,964.196533203125,43.5,5.1999998092651367,339,"CWF-MX-001"
2019-11-25T00:00:00.0000000,2019-11-25T10:40:26.7293633Z,0,2019-11-25T10:40:26.6370000Z,"WeatherStation","36FB8F6A","1C081E2944F5C03D",30.5,964.15673828125,43.700000762939453,5.1999998092651367,340,"CWF-MX-001"
2019-11-25T00:00:00.0000000,2019-11-25T10:40:31.9959581Z,0,2019-11-25T10:40:31.8730000Z,"WeatherStation","36FB8F6A","8C00C55F56288C6F",30.5,964.098876953125,43.799999237060547,5.1999998092651367,338,"CWF-MX-001"
2019-11-25T00:00:00.0000000,2019-11-25T10:40:37.1623704Z,0,2019-11-25T10:40:37.1240000Z,"WeatherStation","36FB8F6A","99CE700C017F43D8",30.5,964.21044921875,43.700000762939453,5.1999998092651367,341,"CWF-MX-001"
2019-11-25T00:00:00.0000000,2019-11-25T10:40:42.4298063Z,0,2019-11-25T10:40:42.3610000Z,"WeatherStation","36FB8F6A","1C081E2944F5C03D",30.5,964.18701171875,43.900001525878906,5.1999998092651367,340,"CWF-MX-001"
2019-11-25T00:00:00.0000000,2019-11-25T10:40:47.6935595Z,0,2019-11-25T10:40:47.5990000Z,"WeatherStation","36FB8F6A","716A65DE8651A712",30.5,964.15625,43.900001525878906,5.1999998092651367,339,"CWF-MX-001"
2019-11-25T00:00:00.0000000,2019-11-25T10:40:52.9584621Z,0,2019-11-25T10:40:52.9130000Z,"WeatherStation","36FB8F6A","1C081E2944F5C03D",30.5,964.177734375,43.799999237060547,5.1999998092651367,340,"CWF-MX-001"
2019-11-25T00:00:00.0000000,2019-11-25T10:40:58.3265745Z,0,2019-11-25T10:40:58.2950000Z,"WeatherStation","36FB8F6A","8C00C55F56288C6F",30.5,964.208740234375,43.799999237060547,5.1999998092651367,338,"CWF-MX-001"
2019-11-25T00:00:00.0000000,2019-11-25T10:41:03.5935188Z,0,2019-11-25T10:41:03.5310000Z,"WeatherStation","36FB8F6A","BEA3FBEA8353816A",30.5,964.177734375,44.099998474121094,5.1999998092651367,337,"CWF-MX-001"
2019-11-25T00:00:00.0000000,2019-11-25T10:41:08.8675023Z,0,2019-11-25T10:41:08.7670000Z,"WeatherStation","36FB8F6A","1C081E2944F5C03D",30.5,964.193115234375,44,5.1999998092651367,340,"CWF-MX-001"
2019-11-25T00:00:00.0000000,2019-11-25T10:41:14.1302914Z,0,2019-11-25T10:41:14.0180000Z,"WeatherStation","36FB8F6A","8C00C55F56288C6F",30.5,964.16943359375,43.799999237060547,5.1999998092651367,338,"CWF-MX-001"
2019-11-25T00:00:00.0000000,2019-11-25T10:41:19.2943319Z,0,2019-11-25T10:41:19.2540000Z,"WeatherStation","36FB8F6A","BEA3FBEA8353816A",30.5,964.144287109375,43.799999237060547,5.1999998092651367,337,"CWF-MX-001"
2019-11-25T00:00:00.0000000,2019-11-25T10:41:24.5594984Z,0,2019-11-25T10:41:24.5050000Z,"WeatherStation","36FB8F6A","8C00C55F56288C6F",30.5,964.173095703125,43.900001525878906,5.1999998092651367,338,"CWF-MX-001"
2019-11-25T00:00:00.0000000,2019-11-25T10:41:29.8264023Z,0,2019-11-25T10:41:29.7410000Z,"WeatherStation","36FB8F6A","716A65DE8651A712",30.5,964.208984375,43.799999237060547,5.1999998092651367,339,"CWF-MX-001"
2019-11-25T00:00:00.0000000,2019-11-25T10:41:35.5004866Z,0,2019-11-25T10:41:35.3850000Z,"WeatherStation","36FB8F6A","E1B768D1705450D8",30.399999618530273,964.1494140625,44.200000762939453,5.1999998092651367,340,"CWF-MX-001"
2019-11-25T00:00:00.0000000,2019-11-25T10:41:40.7618249Z,0,2019-11-25T10:41:40.6360000Z,"WeatherStation","36FB8F6A","716A65DE8651A712",30.5,964.179443359375,44.400001525878906,5.1999998092651367,339,"CWF-MX-001"
2019-11-25T00:00:00.0000000,2019-11-25T10:41:46.0248291Z,0,2019-11-25T10:41:45.9040000Z,"WeatherStation","36FB8F6A","716A65DE8651A712",30.5,964.189208984375,44.700000762939453,5.1999998092651367,339,"CWF-MX-001"
2019-11-25T00:00:00.0000000,2019-11-25T10:41:51.4924783Z,0,2019-11-25T10:41:51.4680000Z,"WeatherStation","36FB8F6A","8C00C55F56288C6F",30.5,964.179443359375,44,5.1999998092651367,338,"CWF-MX-001"
2019-11-25T00:00:00.0000000,2019-11-25T10:41:56.7580353Z,0,2019-11-25T10:41:56.6580000Z,"WeatherStation","36FB8F6A","1C081E2944F5C03D",30.5,964.15576171875,44.099998474121094,5.1999998092651367,340,"CWF-MX-001"
2019-11-25T00:00:00.0000000,2019-11-25T10:42:02.0200822Z,0,2019-11-25T10:42:01.8960000Z,"WeatherStation","36FB8F6A","6684519388871323",30.399999618530273,964.1552734375,44,5.1999998092651367,338,"CWF-MX-001"
2019-11-25T00:00:00.0000000,2019-11-25T10:42:07.1864827Z,0,2019-11-25T10:42:07.1320000Z,"WeatherStation","36FB8F6A","716A65DE8651A712",30.5,964.179443359375,44,5.1999998092651367,339,"CWF-MX-001"
2019-11-25T00:00:00.0000000,2019-11-25T10:42:12.5524381Z,0,2019-11-25T10:42:12.4500000Z,"WeatherStation","36FB8F6A","74E9D6B927A5BE76",30.399999618530273,964.142578125,43.900001525878906,5.1999998092651367,339,"CWF-MX-001"
2019-11-25T00:00:00.0000000,2019-11-25T10:42:17.9208768Z,0,2019-11-25T10:42:17.8280000Z,"WeatherStation","36FB8F6A","5A1042E617EAA888",30.399999618530273,964.183349609375,43.799999237060547,5.1999998092651367,337,"CWF-MX-001"
2019-11-25T00:00:00.0000000,2019-11-25T10:42:23.1850189Z,0,2019-11-25T10:42:23.0620000Z,"WeatherStation","36FB8F6A","716A65DE8651A712",30.5,964.1865234375,43.799999237060547,5.1999998092651367,339,"CWF-MX-001"
2019-11-25T00:00:00.0000000,2019-11-25T10:42:28.4502756Z,0,2019-11-25T10:42:28.3300000Z,"WeatherStation","36FB8F6A","716A65DE8651A712",30.5,964.22021484375,43.700000762939453,5.1999998092651367,339,"CWF-MX-001"
2019-11-25T00:00:00.0000000,2019-11-25T10:42:33.6171310Z,0,2019-11-25T10:42:33.5500000Z,"WeatherStation","36FB8F6A","74E9D6B927A5BE76",30.399999618530273,964.197509765625,43.700000762939453,5.1999998092651367,339,"CWF-MX-001"
2019-11-25T00:00:00.0000000,2019-11-25T10:42:38.8875461Z,0,2019-11-25T10:42:38.8020000Z,"WeatherStation","36FB8F6A","B9C215D536DCA23C",30.399999618530273,964.153076171875,43.799999237060547,5.1999998092651367,336,"CWF-MX-001"
2019-11-25T00:00:00.0000000,2019-11-25T10:42:44.1512759Z,0,2019-11-25T10:42:44.0390000Z,"WeatherStation","36FB8F6A","1C081E2944F5C03D",30.5,964.200439453125,43.700000762939453,5.1999998092651367,340,"CWF-MX-001"
2019-11-25T00:00:00.0000000,2019-11-25T10:42:49.3176513Z,0,2019-11-25T10:42:49.2760000Z,"WeatherStation","36FB8F6A","6684519388871323",30.399999618530273,964.2060546875,43.700000762939453,5.1999998092651367,338,"CWF-MX-001"
2019-11-25T00:00:00.0000000,2019-11-25T10:42:54.5800417Z,0,2019-11-25T10:42:54.5290000Z,"WeatherStation","36FB8F6A","716A65DE8651A712",30.5,964.20654296875,43.799999237060547,5.1999998092651367,339,"CWF-MX-001"
2019-11-25T00:00:00.0000000,2019-11-25T10:42:59.8500045Z,0,2019-11-25T10:42:59.7970000Z,"WeatherStation","36FB8F6A","5A1042E617EAA888",30.399999618530273,964.157470703125,43.900001525878906,5.1999998092651367,337,"CWF-MX-001"
